vector_id,N_ANC,N_AFR,N_EUR,N_ADMIX,ADMIX_TIME,SPLIT_TIME,p_AFR,p_EUR,success_rate | likelihood
0,8983,31050,19488,34839,15,2000,0.7509162180535381,0.24908378194646186,0.0
1,9124,40291,17529,15828,11,2000,0.7533748868110577,0.2466251131889423,0.0
2,14960,32005,10997,25187,14,2000,0.8751727669803736,0.1248272330196264,0.38
3,16910,34967,19355,46311,11,2000,0.7196546063866157,0.2803453936133843,0.0
4,12204,44108,10662,28086,11,2000,0.8246080001014083,0.17539199989859167,0.0
5,16680,45158,9902,30514,12,2000,0.8186855164514311,0.18131448354856894,0.0
6,7977,10615,22476,9893,8,2000,0.7940003878361234,0.20599961216387663,0.0
7,8128,48660,11485,31494,9,2000,0.85035665616669,0.14964334383331002,0.02
8,13585,25299,16269,30771,16,2000,0.7948155263397928,0.2051844736602072,0.0
9,7599,23016,11044,42812,15,2000,0.8023682515402594,0.19763174845974063,0.0
10,8644,12496,20718,39085,12,2000,0.8086864431796068,0.1913135568203932,0.0
11,16085,37599,18106,47840,13,2000,0.7325581113465061,0.26744188865349394,0.0
12,9729,39828,24795,35227,11,2000,0.8141811500834818,0.1858188499165182,0.0
13,12759,40972,6584,18524,12,2000,0.8003610695453022,0.19963893045469783,0.0
14,13148,37101,25348,46979,12,2000,0.7354395911991581,0.26456040880084186,0.0
15,14036,29654,18312,24947,13,2000,0.7639870692302411,0.23601293076975893,0.0
16,18947,19216,17496,23589,8,2000,0.7002933995512916,0.29970660044870845,0.0
17,10863,27550,6679,44103,9,2000,0.8278938527802497,0.17210614721975026,0.0
18,17568,44160,10645,41882,14,2000,0.8338411951465458,0.16615880485345424,0.0
19,13849,18439,12900,45349,9,2000,0.7354332475272926,0.26456675247270744,0.0
20,17305,41060,23995,29762,14,2000,0.747126481051247,0.252873518948753,0.0
21,12398,20017,26170,23816,11,2000,0.7502412863374802,0.24975871366251978,0.0
22,11560,32782,17485,49390,13,2000,0.800417487031529,0.19958251296847096,0.0
23,17144,45799,10225,31819,13,2000,0.7556284743624981,0.24437152563750186,0.0
24,10584,11732,10997,18553,15,2000,0.7195276486328982,0.2804723513671018,0.0
25,12631,19816,20067,24761,16,2000,0.8824264040816154,0.11757359591838457,0.61
26,15565,28905,8921,22543,16,2000,0.710609624170205,0.289390375829795,0.0
27,8883,10717,5058,15774,12,2000,0.7849832363080141,0.21501676369198586,0.0
28,17049,20912,10446,14053,8,2000,0.838818310744754,0.161181689255246,0.0
29,9831,36785,27519,9651,13,2000,0.704358187603788,0.295641812396212,0.0
30,8928,33871,12071,29580,9,2000,0.8545464626864356,0.14545353731356436,0.04
31,8128,49223,26277,29586,11,2000,0.8921063823683317,0.10789361763166827,0.85
32,10362,16689,26203,33553,11,2000,0.8620551720131786,0.1379448279868214,0.08
33,16847,14762,21176,41994,14,2000,0.748424813546714,0.251575186453286,0.0
34,8828,36992,16223,43015,15,2000,0.7906141117784055,0.20938588822159454,0.0
35,18831,29149,16621,20391,11,2000,0.8067684022414394,0.19323159775856058,0.0
36,12041,42023,13870,25046,15,2000,0.8034167083157862,0.19658329168421385,0.0
37,14304,28151,22295,17622,10,2000,0.7900534118102573,0.20994658818974266,0.0
38,7189,27871,11918,48949,8,2000,0.7885453275789714,0.21145467242102856,0.0
39,12979,45102,16447,44825,15,2000,0.8274341602196736,0.17256583978032636,0.0
40,7788,11985,20199,5685,8,2000,0.7055972246301275,0.29440277536987247,0.0
41,9972,27941,27186,6445,16,2000,0.8936486971380997,0.10635130286190031,0.76
42,14584,39408,14527,40833,10,2000,0.872987304133601,0.12701269586639896,0.29
43,17045,42401,14114,7781,11,2000,0.7068396845073307,0.2931603154926693,0.0
44,9057,45730,6022,10691,11,2000,0.8827831321316151,0.11721686786838492,0.57
45,10206,18057,27958,24864,10,2000,0.8170937288350922,0.18290627116490776,0.0
46,11397,41518,29460,24843,12,2000,0.8636792534595161,0.13632074654048387,0.15
47,12676,13883,22886,11794,8,2000,0.8595715441916764,0.14042845580832364,0.07
48,19984,10908,28625,23239,15,2000,0.8145917561558461,0.18540824384415389,0.0
49,9407,41163,15723,41456,9,2000,0.7259638100767003,0.2740361899232997,0.0
50,10467,24729,27472,8869,14,2000,0.886705003747524,0.11329499625247597,0.66
51,18884,15948,12685,9247,8,2000,0.7740600513583381,0.2259399486416619,0.0
52,7006,21572,17711,17534,15,2000,0.8771724849642545,0.12282751503574552,0.48
53,11700,43506,26635,34451,8,2000,0.7643140978232392,0.23568590217676078,0.0
54,13432,46038,8610,45729,9,2000,0.7956788038696954,0.20432119613030464,0.0
55,19399,17615,10257,44953,11,2000,0.7549727293962213,0.2450272706037787,0.0
56,9859,44083,10487,12307,12,2000,0.7447513966261242,0.2552486033738758,0.0
57,15056,19145,6164,22532,16,2000,0.7065864305545763,0.29341356944542374,0.0
58,10381,25621,21679,29178,15,2000,0.7038125015370961,0.29618749846290393,0.0
59,15007,33272,13297,24597,9,2000,0.7190128481742502,0.28098715182574985,0.0
60,14309,17176,25701,35298,10,2000,0.7358722562887418,0.26412774371125824,0.0
61,14228,19988,18062,47310,15,2000,0.8480286302757034,0.1519713697242966,0.0
62,8975,18688,8776,28793,15,2000,0.8730933597006818,0.1269066402993182,0.34
63,11399,12496,9030,39660,15,2000,0.8093735460755158,0.19062645392448418,0.0
64,8565,43464,17892,17706,11,2000,0.7100043010933087,0.2899956989066913,0.0
65,12319,25480,21496,42344,8,2000,0.7311156280207554,0.26888437197924464,0.0
66,19536,34591,7340,20772,11,2000,0.7052066341225449,0.2947933658774551,0.0
67,19366,32753,25993,22493,12,2000,0.7647039057545123,0.2352960942454877,0.0
68,11171,33542,18214,32720,9,2000,0.8444167107332998,0.15558328926670018,0.0
69,14927,34399,6687,23686,12,2000,0.7878665076791642,0.21213349232083578,0.0
70,15290,42255,17474,45270,15,2000,0.7233568793910083,0.27664312060899166,0.0
71,14611,44399,13022,14961,9,2000,0.8228726723066966,0.17712732769330342,0.0
72,15928,20478,6604,8104,13,2000,0.7315956740830796,0.2684043259169204,0.0
73,7205,40342,13158,36090,11,2000,0.8691944921433804,0.1308055078566196,0.18
74,13241,39267,27973,29363,8,2000,0.7412824312501205,0.2587175687498795,0.0
75,12512,25786,12774,42210,12,2000,0.7385507342845667,0.26144926571543325,0.0
76,19251,26318,11527,37275,12,2000,0.7713270921517462,0.22867290784825378,0.0
77,16003,49068,10671,29276,15,2000,0.8338739399896569,0.16612606001034314,0.0
78,18689,15120,8333,39159,14,2000,0.8372301142984057,0.16276988570159434,0.0
79,14603,32157,13468,34239,10,2000,0.8248302423712799,0.1751697576287201,0.0
80,17951,12457,12894,40902,11,2000,0.8618669455291177,0.1381330544708823,0.08
81,19712,15447,9148,48071,15,2000,0.8732191056155435,0.1267808943844565,0.37
82,9182,13498,8465,48402,11,2000,0.8508236574291567,0.14917634257084333,0.01
83,15978,38760,19684,45929,15,2000,0.8826365870165525,0.11736341298344755,0.61
84,16436,17149,28336,32719,10,2000,0.7726345274650955,0.22736547253490447,0.0
85,8783,18698,10019,39857,12,2000,0.7326797403268136,0.2673202596731864,0.0
86,14748,36493,13326,15076,11,2000,0.7677034714839958,0.23229652851600424,0.0
87,7983,31831,27832,40632,13,2000,0.8247295000493915,0.1752704999506085,0.0
88,17769,13263,26741,48471,8,2000,0.8018197504292841,0.1981802495707159,0.0
89,18983,43338,5280,5031,10,2000,0.8057986297046918,0.19420137029530815,0.0
90,12503,40143,29237,16371,13,2000,0.802609191966271,0.197390808033729,0.0
91,19609,38714,22915,37591,13,2000,0.7409150706522957,0.25908492934770433,0.0
92,14852,13997,5904,49116,14,2000,0.8296628561576357,0.1703371438423643,0.0
93,16427,43983,24727,32012,13,2000,0.7256896760034794,0.27431032399652056,0.0
94,15373,41280,27444,46551,10,2000,0.761811454523424,0.23818854547657597,0.0
95,8999,31126,18595,9246,14,2000,0.7243417226074799,0.27565827739252013,0.0
96,15098,28833,20689,27470,14,2000,0.7704669625761887,0.22953303742381126,0.0
97,12511,17279,7538,16820,11,2000,0.7866789137761557,0.21332108622384427,0.0
98,19078,44308,6487,47661,15,2000,0.7630709394123779,0.2369290605876221,0.0
99,15023,48804,20004,12284,15,2000,0.899028268443503,0.10097173155649697,0.84
100,7564,46849,14413,12876,15,2000,0.8493648333329247,0.15063516666707533,0.04
101,16562,45781,17947,5147,10,2000,0.7513539572395657,0.24864604276043434,0.0
102,14991,11227,22983,12552,15,2000,0.7367161565563768,0.2632838434436232,0.0
103,16443,24992,13076,41406,12,2000,0.775189080927134,0.224810919072866,0.0
104,8047,26576,27422,48588,12,2000,0.7331926660027868,0.26680733399721324,0.0
105,17151,36306,12851,33018,8,2000,0.8219761758516311,0.17802382414836893,0.0
106,12252,29622,5873,16737,11,2000,0.8100625374650368,0.18993746253496324,0.0
107,16828,13565,12670,29730,14,2000,0.8416088091864002,0.15839119081359976,0.01
108,19509,17843,25398,32911,16,2000,0.7706239055137475,0.2293760944862525,0.0
109,15670,18274,5520,37713,8,2000,0.8008786008812178,0.19912139911878224,0.0
110,17240,15045,10655,45197,13,2000,0.7740616267380795,0.22593837326192046,0.0
111,15810,44727,29055,6385,9,2000,0.802868255892504,0.197131744107496,0.0
112,7041,37627,18478,9463,13,2000,0.7753674352150829,0.2246325647849171,0.0
113,18432,33808,23256,20140,14,2000,0.8206447934709052,0.17935520652909476,0.0
114,17935,24005,16869,22016,16,2000,0.7923493047751391,0.2076506952248609,0.0
115,11479,33857,13547,8657,16,2000,0.8539623135581403,0.14603768644185966,0.11
116,12016,11476,19869,45424,11,2000,0.724353063779721,0.275646936220279,0.0
117,12864,28595,19141,48236,15,2000,0.8135443882012584,0.1864556117987416,0.0
118,11716,22473,15038,18373,15,2000,0.8304520630677553,0.16954793693224468,0.0
119,14309,25168,22591,24066,15,2000,0.7469676475223418,0.2530323524776582,0.0
120,13979,36632,9755,41122,16,2000,0.8808545118810505,0.11914548811894954,0.56
121,14284,24606,14441,45788,8,2000,0.7567803590574322,0.24321964094256776,0.0
122,7433,22051,5810,38088,11,2000,0.8743819141552513,0.12561808584474865,0.33
123,19188,17557,11454,31632,13,2000,0.8816772528548277,0.11832274714517232,0.57
124,14605,13266,8061,40195,14,2000,0.8786297131258093,0.12137028687419071,0.48
125,10341,30367,22590,13361,11,2000,0.7465033644890487,0.25349663551095125,0.0
126,12782,44581,6946,49786,8,2000,0.8193948885508291,0.1806051114491709,0.0
127,16407,26694,9054,23592,16,2000,0.7740931248856007,0.22590687511439933,0.0
128,11587,17470,20316,11016,16,2000,0.7531327681861111,0.24686723181388892,0.0
129,19400,32601,15678,12846,13,2000,0.8758675894968123,0.12413241050318768,0.45
130,14731,29541,21773,24403,9,2000,0.8919041513870389,0.10809584861296107,0.85
131,11386,17478,27192,47387,8,2000,0.7261040647414666,0.2738959352585334,0.0
132,9515,18147,14827,39604,11,2000,0.7652501664514164,0.2347498335485836,0.0
133,18794,35048,21586,15563,15,2000,0.8194721408511101,0.1805278591488899,0.0
134,8432,26667,5397,30286,11,2000,0.7364394746907198,0.2635605253092802,0.0
135,13826,13091,12464,27726,9,2000,0.8238324705279233,0.1761675294720767,0.0
136,15624,37463,6331,5789,14,2000,0.7527764065631641,0.24722359343683586,0.0
137,15146,19108,14810,37232,12,2000,0.7778169286353513,0.22218307136464865,0.0
138,14699,17072,26715,45884,12,2000,0.7432823931316709,0.2567176068683291,0.0
139,12931,13013,12261,40136,13,2000,0.8617311138928613,0.13826888610713872,0.08
140,10650,45691,17101,5597,14,2000,0.7946967142922863,0.20530328570771372,0.0
141,7399,11739,18300,16307,15,2000,0.7309829124347762,0.2690170875652238,0.0
142,16884,31339,26916,29161,12,2000,0.7728957256070683,0.22710427439293168,0.0
143,19788,11731,16345,41460,10,2000,0.816995511431372,0.18300448856862805,0.0
144,18305,43008,23811,17723,12,2000,0.848067394029528,0.15193260597047198,0.02
145,14617,12622,5564,32159,10,2000,0.7751647136962754,0.22483528630372462,0.0
146,8106,40092,8255,14491,14,2000,0.8770313732504634,0.12296862674953657,0.44
147,11288,13781,17014,18557,15,2000,0.7399232601538873,0.2600767398461127,0.0
148,8325,49167,11852,8456,11,2000,0.8045754023743357,0.19542459762566433,0.0
149,9319,46662,25210,11375,12,2000,0.7689664208795306,0.2310335791204694,0.0
150,13213,37706,11160,41414,16,2000,0.81290688495489,0.18709311504510995,0.0
151,15248,16139,20461,27473,9,2000,0.7304068978974686,0.2695931021025314,0.0
152,16523,39974,9263,24564,14,2000,0.7014425578492146,0.2985574421507854,0.0
153,18251,33821,17282,19044,14,2000,0.7871732503633971,0.21282674963660286,0.0
154,8421,13756,20951,24119,15,2000,0.7575955006400824,0.2424044993599176,0.0
155,11614,12038,12992,5568,13,2000,0.7016089508272763,0.29839104917272374,0.0
156,15860,27524,6571,27660,8,2000,0.8008822426079841,0.19911775739201587,0.0
157,15572,31028,22132,13421,13,2000,0.8152648501671462,0.18473514983285377,0.0
158,16619,33647,6699,34157,14,2000,0.790834157947311,0.20916584205268896,0.0
159,9523,41544,8390,49818,9,2000,0.720707740607616,0.279292259392384,0.0
160,19173,33009,14422,15321,12,2000,0.8769350539066108,0.12306494609338925,0.39
161,12522,12415,8400,21506,16,2000,0.8809278117308417,0.11907218826915833,0.5
162,19064,47587,18991,20931,14,2000,0.7521234094584928,0.24787659054150724,0.0
163,15159,30514,29493,15211,11,2000,0.7685825407113954,0.23141745928860458,0.0
164,18578,39607,13116,30090,11,2000,0.7191931679054054,0.28080683209459456,0.0
165,19450,49925,13325,9350,8,2000,0.8742306300772545,0.12576936992274546,0.37
166,7148,45494,16252,38729,10,2000,0.8754146746757631,0.12458532532423694,0.39
167,9920,17629,7715,44636,13,2000,0.7261511719860217,0.27384882801397825,0.0
168,11416,26107,9392,26665,11,2000,0.8055588459471174,0.19444115405288265,0.0
169,8561,40123,22172,23366,15,2000,0.7162082235244214,0.2837917764755786,0.0
170,17992,47824,10431,16444,13,2000,0.7007067975344111,0.2992932024655889,0.0
171,14329,17673,28634,45479,13,2000,0.752100748808267,0.24789925119173295,0.0
172,11683,46312,21025,14126,16,2000,0.7652641505372728,0.2347358494627272,0.0
173,19262,27004,28948,36875,10,2000,0.7171506557666283,0.2828493442333717,0.0
174,14177,41476,24261,45965,8,2000,0.8681219739344548,0.13187802606554522,0.15
175,8170,31616,17592,41169,10,2000,0.7739233478328497,0.22607665216715034,0.0
176,9659,44960,24581,49661,9,2000,0.8342655955739826,0.1657344044260174,0.0
177,12976,46161,28778,39119,15,2000,0.705165491934647,0.29483450806535305,0.0
178,12693,40696,21259,33517,13,2000,0.883610740428694,0.11638925957130597,0.63
179,17508,34089,19229,35330,14,2000,0.814590027766696,0.18540997223330402,0.0
180,14809,21753,12749,16615,15,2000,0.7694355119517817,0.23056448804821827,0.0
181,8698,22018,21103,45605,14,2000,0.8025255399445957,0.19747446005540426,0.0
182,19713,40777,15703,24540,12,2000,0.8463636645827892,0.15363633541721078,0.02
183,15990,39436,13794,14566,9,2000,0.7885338704879702,0.2114661295120298,0.0
184,16116,46330,15662,41432,11,2000,0.7485224400632857,0.2514775599367143,0.0
185,9243,44116,23230,39665,16,2000,0.7189818046702663,0.2810181953297337,0.0
186,15090,26088,20981,38898,9,2000,0.7970489629388418,0.20295103706115825,0.0
187,13413,12143,23033,39546,12,2000,0.7325844463702358,0.2674155536297642,0.0
188,9866,10385,19857,44880,16,2000,0.7526984547860529,0.2473015452139471,0.0
189,12722,23965,27509,36816,12,2000,0.8752612341805438,0.1247387658194562,0.38
190,11437,41534,21969,17445,16,2000,0.7938777048817753,0.20612229511822466,0.0
191,15549,40164,14770,37774,9,2000,0.7786264101239926,0.22137358987600742,0.0
192,9851,19374,12229,25652,10,2000,0.7409652933311632,0.25903470666883677,0.0
193,17809,34170,17989,28644,10,2000,0.8848596465690066,0.11514035343099338,0.67
194,17608,21273,7209,13570,14,2000,0.7123706508079939,0.2876293491920061,0.0
195,19860,46099,29523,45591,13,2000,0.8007058510883317,0.1992941489116683,0.0
196,15872,13224,5136,46912,8,2000,0.7963937416687843,0.2036062583312157,0.0
197,12301,42361,24534,47174,8,2000,0.8512622859922103,0.14873771400778968,0.01
198,19585,21872,13680,41309,15,2000,0.7816270519951257,0.21837294800487428,0.0
199,8177,30874,12306,43745,11,2000,0.8834607354295724,0.11653926457042763,0.63
200,7855,24014,24808,40677,8,2000,0.8694207499912702,0.13057925000872983,0.16
201,9459,20065,7897,26712,12,2000,0.7166581280535547,0.28334187194644533,0.0
202,10142,16705,15142,11201,15,2000,0.7829898439403592,0.2170101560596408,0.0
203,12702,30260,12475,24568,16,2000,0.8243064779060264,0.1756935220939736,0.0
204,14398,13504,18887,8260,16,2000,0.8463045821320183,0.1536954178679817,0.04
205,9001,37463,7252,16573,9,2000,0.7458645405195288,0.2541354594804712,0.0
206,13615,36107,23944,19668,14,2000,0.8573761674719567,0.14262383252804334,0.06
207,18452,45331,20520,36467,13,2000,0.7543984094183408,0.2456015905816592,0.0
208,19857,11830,23190,39140,9,2000,0.7934038961199538,0.20659610388004623,0.0
209,10338,34586,22267,37469,16,2000,0.7135917848855693,0.2864082151144307,0.0
210,15154,36786,22562,33237,11,2000,0.7158264352591979,0.28417356474080213,0.0
211,17104,42677,7482,31284,16,2000,0.76993415799347,0.23006584200653002,0.0
212,19552,21712,15448,16342,9,2000,0.7618699128463586,0.23813008715364137,0.0
213,18651,17109,20117,32897,10,2000,0.885562191177066,0.11443780882293397,0.66
214,13724,48387,13521,36411,8,2000,0.7725015088829115,0.22749849111708853,0.0
215,15652,31787,20377,39898,11,2000,0.865849878238723,0.13415012176127705,0.11
216,19926,28683,23212,42027,9,2000,0.7620165119983215,0.23798348800167846,0.0
217,8056,14388,5724,17486,16,2000,0.8521563747065297,0.14784362529347028,0.06
218,16355,27167,25432,39180,12,2000,0.8471044727771072,0.1528955272228928,0.01
219,17255,48237,20507,14320,9,2000,0.8348818543634063,0.16511814563659366,0.0
220,11351,14795,16020,18527,14,2000,0.7180952049842888,0.2819047950157112,0.0
221,18328,19041,23455,16493,14,2000,0.8806386264186757,0.11936137358132426,0.56
222,12986,14477,12070,7158,13,2000,0.8648193646853225,0.1351806353146775,0.19
223,10172,48370,20991,17304,9,2000,0.7139259097396399,0.2860740902603601,0.0
224,9515,26307,29784,41595,14,2000,0.8865351046916583,0.1134648953083417,0.72
225,11635,11272,22336,47727,8,2000,0.7396288268289218,0.26037117317107816,0.0
226,9804,44713,26646,29294,11,2000,0.8413959137949295,0.1586040862050705,0.0
227,13467,41734,25062,14266,16,2000,0.78226514257399,0.21773485742600995,0.0
228,9072,45374,13532,19370,16,2000,0.7570912301399649,0.24290876986003507,0.0
229,16533,22998,27074,27543,12,2000,0.7094679548034724,0.29053204519652764,0.0
230,10210,37230,13243,49839,13,2000,0.703385812954433,0.29661418704556697,0.0
231,11409,49732,6906,44067,11,2000,0.8357812800400849,0.1642187199599151,0.0
232,16473,11582,28875,13361,10,2000,0.861204093240225,0.13879590675977505,0.08
233,12116,11019,20294,21818,12,2000,0.8996293490407118,0.10037065095928821,0.91
234,15090,33177,23046,12781,12,2000,0.8120509291406628,0.1879490708593372,0.0
235,15694,46699,16648,38579,10,2000,0.7656779154809684,0.23432208451903158,0.0
236,11539,27328,28074,9513,12,2000,0.7019263468622188,0.2980736531377812,0.0
237,13534,37210,5971,15885,14,2000,0.8579872812388131,0.14201271876118693,0.11
238,10391,24495,29704,46575,8,2000,0.8442352420953835,0.15576475790461652,0.0
239,9078,41337,8551,49652,15,2000,0.7122556394622082,0.28774436053779184,0.0
240,15890,38711,14601,11127,14,2000,0.8464133155113159,0.15358668448868407,0.08
241,16956,21451,28405,24533,10,2000,0.7472675685713593,0.25273243142864066,0.0
242,8048,33078,15204,16939,9,2000,0.7465955340453174,0.2534044659546826,0.0
243,13973,10727,15034,6706,9,2000,0.7071198486064662,0.29288015139353385,0.0
244,17623,33344,24369,43153,10,2000,0.7235033503903789,0.27649664960962106,0.0
245,16306,20146,12151,34583,16,2000,0.8920788112225857,0.1079211887774143,0.84
246,17240,40988,28908,15334,8,2000,0.7174806337925896,0.28251936620741036,0.0
247,13111,48454,8609,26307,9,2000,0.7443245678431695,0.25567543215683053,0.0
248,12648,27030,10220,35208,15,2000,0.7481079956469466,0.25189200435305337,0.0
249,7100,42543,25030,29550,10,2000,0.8293677710988335,0.17063222890116647,0.0
250,14924,47748,15102,27831,9,2000,0.8538127158179233,0.14618728418207672,0.03
251,18597,34364,11907,22992,12,2000,0.7556576784614769,0.2443423215385231,0.0
252,17314,33440,29296,15038,13,2000,0.7308098527729372,0.2691901472270628,0.0
253,9964,42669,14580,40295,12,2000,0.8900841079961772,0.10991589200382279,0.83
254,11928,31363,9572,34498,13,2000,0.8329937493027866,0.16700625069721342,0.0
255,15539,14895,25097,44779,9,2000,0.8871871411736775,0.11281285882632253,0.71
256,10573,12525,7858,17524,13,2000,0.8242640568777859,0.17573594312221408,0.0
257,12733,33508,5651,10545,15,2000,0.7071033986261968,0.29289660137380324,0.0
258,16611,35096,7286,40308,14,2000,0.8732058311726764,0.12679416882732364,0.33
259,16305,24607,21520,8011,15,2000,0.8849898890025663,0.11501011099743375,0.63
260,15050,35914,29143,8650,8,2000,0.8847794939217678,0.1152205060782322,0.62
261,14499,20783,17507,12940,15,2000,0.8298058193759769,0.17019418062402314,0.01
262,16285,38122,9632,38283,15,2000,0.7619860665327457,0.2380139334672543,0.0
263,11382,28731,11804,26260,15,2000,0.7078017116636609,0.2921982883363391,0.0
264,17971,22246,14769,27860,16,2000,0.7029252653279611,0.29707473467203893,0.0
265,17130,30015,12134,38149,12,2000,0.8537334808573196,0.1462665191426804,0.02
266,14792,49218,5089,9737,9,2000,0.792466610901147,0.207533389098853,0.0
267,11532,35065,20022,10400,12,2000,0.8906404226122622,0.10935957738773783,0.75
268,8437,11499,7241,21319,13,2000,0.7144695230470787,0.28553047695292133,0.0
269,8674,35727,16822,20876,16,2000,0.7571408978044644,0.24285910219553564,0.0
270,17817,35604,24862,48991,12,2000,0.7580474643661606,0.24195253563383945,0.0
271,9524,29741,7281,35003,11,2000,0.7988280873500213,0.2011719126499787,0.0
272,15815,32848,24434,40356,12,2000,0.7554475816479845,0.24455241835201547,0.0
273,11137,34309,12824,34798,9,2000,0.7832515031021339,0.21674849689786613,0.0
274,14445,29974,25557,5661,13,2000,0.7655291373893205,0.2344708626106795,0.0
275,18396,43345,23974,23531,12,2000,0.8257738650717045,0.17422613492829553,0.0
276,14923,14303,13956,20422,8,2000,0.7543127553681881,0.2456872446318119,0.0
277,14859,45719,15866,23500,11,2000,0.820416621195409,0.17958337880459097,0.0
278,19673,28732,7339,16868,12,2000,0.7297742065986357,0.2702257934013643,0.0
279,18824,37835,20589,42524,12,2000,0.8807702930038799,0.11922970699612012,0.53
280,12230,21635,8550,33449,12,2000,0.8930383021697412,0.10696169783025877,0.89
281,7314,19539,29234,16709,8,2000,0.8606414119188894,0.13935858808111057,0.1
282,16647,15065,6339,23676,15,2000,0.8342961183118804,0.16570388168811956,0.0
283,14091,28069,25792,14467,12,2000,0.8994141587634283,0.10058584123657166,0.89
284,13921,12693,24981,39394,11,2000,0.7146668976867742,0.28533310231322584,0.0
285,11640,28131,24760,36543,12,2000,0.7116574107605809,0.28834258923941913,0.0
286,7092,37515,25786,29768,9,2000,0.8786566792992361,0.12134332070076392,0.49
287,14794,48495,27884,44698,15,2000,0.7507825870583278,0.2492174129416722,0.0
288,15001,17969,25597,28795,11,2000,0.8564369694282136,0.14356303057178643,0.04
289,16172,11183,26914,9818,15,2000,0.8583272214961073,0.1416727785038927,0.11
290,19372,29016,18943,38517,16,2000,0.7969091275386603,0.20309087246133972,0.0
291,14165,22460,14657,32380,15,2000,0.7578306342712569,0.24216936572874315,0.0
292,16168,14585,7379,30646,15,2000,0.8288564226801433,0.17114357731985674,0.0
293,13660,41444,24184,12469,9,2000,0.894913148810677,0.10508685118932304,0.92
294,13254,46651,17790,9319,11,2000,0.8097726592315635,0.1902273407684365,0.0
295,8311,36336,23519,15211,8,2000,0.7805416385330193,0.21945836146698072,0.0
296,19261,18661,24020,36150,15,2000,0.8562966471435258,0.14370335285647418,0.04
297,18955,48750,25911,44115,8,2000,0.766632685058795,0.233367314941205,0.0
298,13578,25325,23304,25373,16,2000,0.7775810747300597,0.22241892526994034,0.0
299,11352,30036,17459,14831,15,2000,0.8651582821796524,0.1348417178203476,0.22
300,19646,13531,20176,31281,9,2000,0.7786003458826568,0.2213996541173432,0.0
301,16910,30696,27821,30264,16,2000,0.8689945023082146,0.13100549769178538,0.23
302,13605,31861,21193,12375,8,2000,0.705788590758572,0.29421140924142797,0.0
303,16782,32255,10749,9899,8,2000,0.7916162784618554,0.20838372153814455,0.0
304,16253,13207,17863,27299,15,2000,0.8221624893898696,0.17783751061013042,0.0
305,13263,28746,15989,26403,12,2000,0.858188174011378,0.14181182598862196,0.06
306,19260,38491,5871,26567,9,2000,0.7327002019442634,0.26729979805573656,0.0
307,15872,26741,20152,20723,12,2000,0.733324768725091,0.266675231274909,0.0
308,7783,37081,17973,20939,8,2000,0.8157240939455648,0.18427590605443522,0.0
309,19415,17809,21956,27957,16,2000,0.8086232540231201,0.19137674597687993,0.0
310,16141,10928,18720,7015,12,2000,0.7358974873411517,0.2641025126588483,0.0
311,17086,11474,18990,12386,8,2000,0.8600913463923934,0.13990865360760663,0.09
312,18254,37874,27868,38795,8,2000,0.7232950411488753,0.27670495885112467,0.0
313,18671,19224,16951,19889,11,2000,0.7577184685282855,0.2422815314717145,0.0
314,15435,49760,14827,39474,14,2000,0.7381571960418796,0.26184280395812043,0.0
315,7396,47788,22637,12787,11,2000,0.7586991719439895,0.2413008280560105,0.0
316,18844,34068,5172,25017,14,2000,0.8149873361282292,0.18501266387177084,0.0
317,12566,35291,17548,19469,15,2000,0.8826304378009705,0.1173695621990295,0.63
318,17948,33458,14128,22644,14,2000,0.8379431285430365,0.16205687145696346,0.01
319,13476,12466,24518,29905,12,2000,0.7939816023509033,0.20601839764909669,0.0
320,8336,11876,16809,24874,11,2000,0.7969642753701561,0.20303572462984387,0.0
321,19643,42786,16973,35395,9,2000,0.8813561485362902,0.11864385146370982,0.56
322,18233,28184,22467,16581,11,2000,0.7107410695837744,0.28925893041622563,0.0
323,15271,18463,22820,17012,10,2000,0.7909002910115679,0.2090997089884321,0.0
324,9841,27305,27428,7384,8,2000,0.786767103974892,0.21323289602510798,0.0
325,7725,47639,24068,35641,16,2000,0.8494749565978008,0.1505250434021992,0.04
326,12575,40793,22947,41973,10,2000,0.850884211967214,0.14911578803278602,0.01
327,18073,24804,5022,13968,10,2000,0.8801792768701617,0.11982072312983827,0.49
328,13985,25309,23413,33109,13,2000,0.8544751161717778,0.14552488382822215,0.02
329,13243,39265,20144,28120,10,2000,0.7037657223564985,0.2962342776435015,0.0
330,11965,43829,12737,47668,12,2000,0.8837232798990196,0.11627672010098045,0.61
331,18110,19329,17489,37626,11,2000,0.7049302165399978,0.29506978346000223,0.0
332,11393,35166,19015,18071,15,2000,0.7465622822478086,0.25343771775219137,0.0
333,17717,26659,18905,49673,16,2000,0.8579173007252804,0.14208269927471961,0.07
334,7472,34961,17909,44510,10,2000,0.8168359813833198,0.1831640186166802,0.0
335,13636,18618,6137,30599,16,2000,0.8953405977643576,0.10465940223564241,0.87
336,8312,40013,6179,32769,8,2000,0.7243005755968387,0.2756994244031613,0.0
337,18912,24527,22368,13981,8,2000,0.850967950906574,0.14903204909342604,0.02
338,18807,44169,27622,49349,13,2000,0.7565829349797484,0.24341706502025162,0.0
339,8945,42670,26293,46050,11,2000,0.7698333267437633,0.23016667325623674,0.0
340,12198,36148,21543,10661,10,2000,0.8742867394991456,0.1257132605008544,0.38
341,9050,32782,21934,18952,12,2000,0.823239867196628,0.176760132803372,0.0
342,12657,11917,9857,45876,13,2000,0.8321290135282384,0.16787098647176157,0.0
343,19481,17155,5677,6787,10,2000,0.7112162463685769,0.28878375363142306,0.0
344,16843,41649,19365,8080,9,2000,0.8769484547535524,0.12305154524644757,0.5
345,16330,41705,8835,5289,10,2000,0.7841220641147073,0.2158779358852927,0.0
346,12532,19641,12576,40775,14,2000,0.8127321483174241,0.18726785168257587,0.0
347,14586,29993,28138,9945,15,2000,0.7102360213088406,0.28976397869115944,0.0
348,9899,31768,19970,33390,13,2000,0.7217913513370717,0.27820864866292827,0.0
349,13529,28927,9652,13302,12,2000,0.7053567909688359,0.29464320903116414,0.0
350,7948,31719,22568,14262,14,2000,0.7950020630296583,0.20499793697034174,0.0
351,9953,46925,29549,5399,14,2000,0.8688226346704223,0.1311773653295777,0.27
352,13919,12470,20360,15468,10,2000,0.7537961882748233,0.2462038117251767,0.0
353,16148,14658,17005,24923,8,2000,0.807796153001063,0.192203846998937,0.0
354,7812,41032,5981,8155,9,2000,0.8086332062098299,0.19136679379017008,0.0
355,15836,25538,12080,21137,11,2000,0.8664738025414003,0.13352619745859973,0.16
356,16459,14156,19886,19023,8,2000,0.8944848566284661,0.10551514337153389,0.89
357,19283,37779,8627,48303,10,2000,0.8403858297430473,0.15961417025695268,0.0
358,16147,34485,21305,17591,8,2000,0.7335460263277817,0.26645397367221835,0.0
359,17121,35605,26662,30302,14,2000,0.7451318311420818,0.2548681688579182,0.0
360,19556,47948,5381,17411,8,2000,0.7388027677008865,0.2611972322991135,0.0
361,9631,31951,15139,25194,15,2000,0.7809416164719185,0.2190583835280815,0.0
362,18421,32204,24893,21557,16,2000,0.8902485202396878,0.10975147976031219,0.75
363,15976,39386,27870,25971,8,2000,0.8933446215257945,0.10665537847420548,0.88
364,8725,35678,6903,22118,11,2000,0.752243026670653,0.24775697332934699,0.0
365,10283,41281,7384,30871,11,2000,0.8933769898591073,0.1066230101408927,0.9
366,8537,27247,7263,25497,15,2000,0.8666027184548045,0.13339728154519548,0.15
367,16419,15042,18305,36478,9,2000,0.7559107212033995,0.24408927879660047,0.0
368,17916,32150,25380,35833,14,2000,0.7372561714620325,0.2627438285379675,0.0
369,7695,11974,5627,12256,16,2000,0.8990427430836523,0.10095725691634772,0.88
370,10222,47390,14571,41725,11,2000,0.8726739809839266,0.12732601901607343,0.25
371,17589,22844,5159,39311,10,2000,0.8738530653103405,0.12614693468965954,0.32
372,11135,18357,5571,10358,10,2000,0.7477954889607857,0.25220451103921426,0.0
373,16814,38214,17614,38230,9,2000,0.7966222001291986,0.2033777998708014,0.0
374,11071,28135,5467,18931,13,2000,0.8767952015214185,0.12320479847858146,0.41
375,13167,49927,5896,36707,8,2000,0.8738687644015158,0.12613123559848416,0.32
376,18516,37761,22876,32623,11,2000,0.7622404404569741,0.23775955954302586,0.0
377,9272,31369,24101,9506,16,2000,0.8172752778400824,0.18272472215991764,0.0
378,18033,34054,18258,42123,8,2000,0.8491049680311981,0.15089503196880194,0.01
379,12471,49617,22474,11867,15,2000,0.7637371759925305,0.23626282400746945,0.0
380,8701,42946,9987,28757,10,2000,0.7952053574266327,0.20479464257336732,0.0
381,10312,48563,13533,6896,9,2000,0.8998302980079045,0.10016970199209552,0.87
382,15953,17021,11376,9532,12,2000,0.8186135009605788,0.18138649903942117,0.0
383,8640,32985,28854,38024,10,2000,0.8034744375199019,0.19652556248009811,0.0
384,18196,30715,17362,34540,11,2000,0.8479161331648347,0.15208386683516528,0.01
385,11893,42620,10932,32329,8,2000,0.7917943632984435,0.20820563670155645,0.0
386,14266,45480,27104,18093,13,2000,0.7373592935707256,0.2626407064292744,0.0
387,17066,47781,22264,31854,16,2000,0.7758207953147438,0.2241792046852562,0.0
388,14729,45413,23417,29104,12,2000,0.791348926569075,0.20865107343092504,0.0
389,19752,42329,21140,16113,13,2000,0.752141326621717,0.24785867337828305,0.0
390,19024,43680,29235,14253,16,2000,0.7430349437923381,0.25696505620766186,0.0
391,9148,32846,28587,15402,13,2000,0.7606203168636333,0.2393796831363667,0.0
392,15076,20340,9600,42513,16,2000,0.8007499675972702,0.19925003240272976,0.0
393,7029,29083,26749,23688,10,2000,0.7062901434147822,0.29370985658521775,0.0
394,14509,20490,28519,46219,10,2000,0.7723518945899522,0.22764810541004776,0.0
395,11083,49752,15305,35562,13,2000,0.7359421784313962,0.2640578215686038,0.0
396,15234,48491,22143,28637,14,2000,0.7947106848844432,0.20528931511555681,0.0
397,19566,13716,11598,24243,12,2000,0.7978415815329619,0.20215841846703808,0.0
398,12417,39163,16515,6922,10,2000,0.8224093689794035,0.17759063102059647,0.0
399,12966,35261,22114,20652,10,2000,0.7386349685334502,0.26136503146654977,0.0
400,10045,27669,25100,39156,9,2000,0.8815404220183751,0.11845957798162488,0.55
401,17483,32383,29820,20156,11,2000,0.7010649375760682,0.29893506242393175,0.0
402,17363,29148,9803,45270,14,2000,0.8263149219050375,0.17368507809496248,0.0
403,10752,40280,26351,16083,10,2000,0.804406843348064,0.195593156651936,0.0
404,14308,46596,19199,9188,15,2000,0.8278263726219899,0.17217362737801012,0.0
405,14589,15922,20269,9262,13,2000,0.8104963975790737,0.18950360242092634,0.0
406,16755,46622,26101,8583,11,2000,0.7800517359936692,0.21994826400633083,0.0
407,9542,49714,10770,35466,14,2000,0.8727217143877525,0.12727828561224752,0.31
408,10437,49205,12314,17105,9,2000,0.7745735004291903,0.22542649957080974,0.0
409,7872,12199,26493,48248,13,2000,0.8258436142078471,0.17415638579215287,0.0
410,17324,18515,16333,42470,15,2000,0.8223876211648941,0.17761237883510594,0.0
411,11981,34907,28276,7677,9,2000,0.7207041155897113,0.27929588441028874,0.0
412,12101,48062,5778,20160,9,2000,0.8181261444243565,0.1818738555756435,0.0
413,13947,27646,29946,16988,14,2000,0.7786406645582689,0.22135933544173114,0.0
414,9952,38922,22686,24609,8,2000,0.7534100724799225,0.24658992752007747,0.0
415,15750,27801,18680,36992,14,2000,0.7011692843926189,0.29883071560738106,0.0
416,10784,22472,13465,19378,16,2000,0.7165519950095534,0.28344800499044664,0.0
417,7398,29560,27641,25463,13,2000,0.8680493421479016,0.13195065785209836,0.2
418,9516,32700,15701,12962,16,2000,0.7938535683882223,0.2061464316117777,0.0
419,17000,44495,18885,15549,11,2000,0.8364354573007705,0.1635645426992295,0.0
420,19932,24816,11964,29690,9,2000,0.7018257360572118,0.29817426394278823,0.0
421,14635,31256,26852,17359,11,2000,0.8499053320171936,0.15009466798280635,0.02
422,19549,15982,12113,43236,15,2000,0.7919635418528572,0.20803645814714278,0.0
423,12847,16730,9618,43134,9,2000,0.8510712668080823,0.14892873319191768,0.01
424,10670,21258,17399,14663,15,2000,0.7864925425187156,0.2135074574812844,0.0
425,14527,24483,24578,12682,12,2000,0.8406290299855118,0.1593709700144882,0.01
426,17484,28161,5907,31991,10,2000,0.75206189031984,0.24793810968015995,0.0
427,7590,40724,25180,34032,11,2000,0.7837336225659498,0.2162663774340502,0.0
428,13996,16204,11828,49765,11,2000,0.837182897094561,0.16281710290543905,0.0
429,17499,44062,18123,14792,10,2000,0.8891538181290871,0.11084618187091289,0.78
430,14098,46897,12095,10980,11,2000,0.7192280226657355,0.2807719773342645,0.0
431,14328,36805,5216,32518,8,2000,0.7455570366653405,0.25444296333465954,0.0
432,19157,45723,6888,36663,11,2000,0.8808434030278212,0.11915659697217884,0.52
433,18871,19198,23648,9757,12,2000,0.7865239119782795,0.21347608802172047,0.0
434,10712,29102,28551,23814,11,2000,0.8034867247198147,0.19651327528018525,0.0
435,7169,42910,29602,34550,15,2000,0.7453806404720326,0.25461935952796744,0.0
436,13563,33420,13283,30408,11,2000,0.7401956228800777,0.2598043771199223,0.0
437,10520,21498,15945,22433,8,2000,0.7647227483672563,0.2352772516327437,0.0
438,19025,12281,23984,18920,9,2000,0.7605426406958364,0.23945735930416356,0.0
439,12188,11533,25450,32239,12,2000,0.797670551809628,0.20232944819037202,0.0
440,7934,41914,29293,35621,11,2000,0.7182932367929525,0.28170676320704746,0.0
441,15983,11587,7484,20371,12,2000,0.837246905975659,0.16275309402434102,0.0
442,17492,44105,29030,18238,15,2000,0.8000228340248706,0.19997716597512938,0.0
443,12771,49201,25755,40248,12,2000,0.8151199573833916,0.1848800426166084,0.0
444,19339,33081,16440,36527,11,2000,0.8949630491583741,0.1050369508416259,0.91
445,16176,20327,22458,39890,13,2000,0.8464236222700032,0.15357637772999677,0.0
446,7792,27112,17354,13270,10,2000,0.7409992763916626,0.25900072360833737,0.0
447,7111,16140,13894,5711,12,2000,0.7172955068122705,0.2827044931877295,0.0
448,9965,44402,11146,24474,10,2000,0.8495715416646972,0.15042845833530283,0.05
449,15709,22805,23319,10320,14,2000,0.7725949813618982,0.2274050186381018,0.0
450,11206,27031,29545,49341,13,2000,0.750046626358617,0.24995337364138304,0.0
451,14653,27196,9135,18437,16,2000,0.7604267595500368,0.2395732404499632,0.0
452,17333,19066,20524,13607,16,2000,0.8126068982268522,0.18739310177314783,0.0
453,18098,38996,16017,18351,16,2000,0.8644841122779147,0.13551588772208534,0.21
454,11281,34269,10170,40598,12,2000,0.7498382861161352,0.25016171388386477,0.0
455,19529,29938,20442,44933,16,2000,0.7569287207362154,0.24307127926378458,0.0
456,19924,36979,16984,34292,13,2000,0.8838349111034114,0.11616508889658861,0.66
457,9773,31306,29240,14008,16,2000,0.7207064458804099,0.2792935541195901,0.0
458,9152,28547,10126,44303,15,2000,0.7239846883591453,0.2760153116408547,0.0
459,7934,11916,11160,37165,9,2000,0.8901264735118958,0.10987352648810422,0.83
460,8056,38304,23945,31432,15,2000,0.8087692335048222,0.19123076649517778,0.0
461,15866,47407,13526,45202,12,2000,0.8050263985819794,0.19497360141802056,0.0
462,7868,20576,20377,11952,14,2000,0.7441745343975839,0.25582546560241615,0.0
463,14224,42110,18260,20074,14,2000,0.7926239452325416,0.20737605476745835,0.0
464,16262,30048,25693,30047,15,2000,0.7439780780317734,0.2560219219682266,0.0
465,8698,46176,21210,24666,16,2000,0.8096398231544388,0.19036017684556117,0.0
466,13095,37996,22032,16465,16,2000,0.8086481509684033,0.19135184903159674,0.0
467,8961,39106,9022,49461,10,2000,0.7541341666118343,0.2458658333881657,0.0
468,16895,47519,16789,24769,14,2000,0.7095967909506448,0.29040320904935524,0.0
469,18956,15925,21427,35409,9,2000,0.7946267177919097,0.20537328220809026,0.0
470,10700,21306,16409,40503,11,2000,0.8463976715909305,0.1536023284090695,0.0
471,12529,47131,29639,42394,14,2000,0.7827086838118892,0.21729131618811082,0.0
472,11333,30535,20107,15945,8,2000,0.7898282865129819,0.21017171348701813,0.0
473,8783,48419,28677,10042,11,2000,0.7817437640807002,0.21825623591929977,0.0
474,14458,47026,23421,6964,9,2000,0.701885623563883,0.29811437643611705,0.0
475,12251,16110,21536,47397,9,2000,0.7860139824431778,0.21398601755682223,0.0
476,17705,35302,26146,16202,14,2000,0.7592760064883033,0.2407239935116967,0.0
477,8272,28518,27157,47060,10,2000,0.7472722317549365,0.2527277682450635,0.0
478,13261,29447,7859,43548,8,2000,0.8352293441819633,0.16477065581803674,0.0
479,18186,43537,25965,15816,13,2000,0.7721607613030869,0.22783923869691314,0.0
480,16241,38135,17977,26465,12,2000,0.7585487574759783,0.24145124252402173,0.0
481,12148,48094,18369,37332,14,2000,0.8744858497336014,0.12551415026639856,0.28
482,7444,28676,6073,17922,13,2000,0.8845994986032695,0.11540050139673053,0.67
483,10335,29943,10915,47124,16,2000,0.7353230515012485,0.26467694849875145,0.0
484,8448,43267,13054,42809,15,2000,0.7875491346143191,0.21245086538568092,0.0
485,9955,28053,7511,6931,8,2000,0.8362676393356023,0.16373236066439767,0.02
486,18474,21847,16557,20517,15,2000,0.8792761376992378,0.12072386230076215,0.53
487,8900,28181,18237,29475,14,2000,0.8129172335977899,0.1870827664022101,0.0
488,19554,37067,9755,17181,9,2000,0.7562191328612444,0.24378086713875557,0.0
489,15288,34499,22271,20646,8,2000,0.7913205078461539,0.20867949215384607,0.0
490,8726,38534,6333,8386,15,2000,0.8189510940598982,0.1810489059401018,0.0
491,8290,45414,14334,14831,8,2000,0.8250574073789463,0.17494259262105372,0.0
492,18850,49215,27074,27595,10,2000,0.752573956483276,0.24742604351672404,0.0
493,11251,11054,24277,29495,13,2000,0.7783935921431928,0.22160640785680719,0.0
494,7230,33351,13104,7297,16,2000,0.7278639778541843,0.27213602214581567,0.0
495,12621,36021,11169,28950,10,2000,0.8696425646036673,0.1303574353963327,0.2
496,11304,21541,29897,22895,11,2000,0.7899470194267326,0.21005298057326738,0.0
497,10423,39797,12502,41396,9,2000,0.8525532890913692,0.14744671090863082,0.01
498,12744,19818,18539,13620,11,2000,0.7721400838767928,0.22785991612320722,0.0
499,17271,10862,6085,11259,9,2000,0.7058811563923202,0.2941188436076798,0.0
