vector_id,N_ANC,N_AFR,N_EUR,N_ADMIX,ADMIX_TIME,p_AFR,SPLIT_TIME,p_EUR,likelihood,posterior
0,9570,17683,5104,7815,10,0.834868637300682,2000,0.16513136269931805,0.0,0.0
1,10613,16700,9845,7640,11,0.8426708472692795,2000,0.15732915273072046,0.02,0.000919963201471941
2,9919,13078,10247,11053,11,0.8883612573082389,2000,0.1116387426917611,0.79,0.03633854645814167
3,9849,27750,6296,7586,10,0.8293967062615978,2000,0.17060329373840222,0.0,0.0
4,9355,19906,7511,13229,11,0.8460391484406065,2000,0.15396085155939354,0.02,0.000919963201471941
5,9359,20460,10243,9329,10,0.7952322613542754,2000,0.20476773864572462,0.0,0.0
6,11951,17875,11974,11451,10,0.7577874405505642,2000,0.24221255944943576,0.0,0.0
7,9467,16554,9769,13974,10,0.8613154884843606,2000,0.13868451151563943,0.1,0.004599816007359705
8,8672,22327,9190,8089,11,0.8162698978360461,2000,0.1837301021639539,0.0,0.0
9,9629,24846,11298,12484,11,0.7612346923610747,2000,0.23876530763892534,0.0,0.0
10,11322,13855,13076,10037,9,0.7886251676313117,2000,0.21137483236868826,0.0,0.0
11,12324,19258,10415,12693,10,0.8424009545833295,2000,0.15759904541667047,0.01,0.0004599816007359705
12,11459,19204,14057,12478,11,0.7393965990502315,2000,0.2606034009497685,0.0,0.0
13,10818,21147,12581,10941,10,0.7470175080836665,2000,0.2529824919163335,0.0,0.0
14,11552,27877,11469,9490,11,0.7421748132539715,2000,0.2578251867460285,0.0,0.0
15,10158,23331,6896,11129,8,0.7760060820538598,2000,0.2239939179461402,0.0,0.0
16,8491,13645,7861,7333,11,0.8952060747529966,2000,0.10479392524700337,0.91,0.04185832566697332
17,11995,15376,7735,14892,11,0.8050601397543671,2000,0.19493986024563292,0.0,0.0
18,8336,16566,6356,9953,10,0.8642222542561177,2000,0.13577774574388235,0.17,0.0078196872125115
19,10154,19025,12598,5867,10,0.8155922248679064,2000,0.1844077751320936,0.0,0.0
20,10016,17933,13253,11918,11,0.7417310262385459,2000,0.2582689737614541,0.0,0.0
21,10558,17119,10299,9835,11,0.7621923376898974,2000,0.23780766231010264,0.0,0.0
22,9098,18353,11748,6832,10,0.8111674138088251,2000,0.18883258619117493,0.0,0.0
23,11180,17304,9443,10258,10,0.7968164139080762,2000,0.20318358609192377,0.0,0.0
24,10777,22473,10327,11090,9,0.8088398193636667,2000,0.19116018063633333,0.0,0.0
25,7076,17979,11428,5157,11,0.803513105899114,2000,0.19648689410088604,0.0,0.0
26,9585,14562,7723,8890,9,0.8278462309938244,2000,0.17215376900617563,0.0,0.0
27,7746,23162,10400,9814,10,0.7876147241648306,2000,0.21238527583516942,0.0,0.0
28,11814,15201,12087,12409,9,0.8235290487718563,2000,0.1764709512281437,0.0,0.0
29,7482,27504,14452,10224,11,0.8212911750535158,2000,0.1787088249464842,0.0,0.0
30,7953,19597,12724,10204,11,0.8687180801710186,2000,0.1312819198289814,0.33,0.015179392824287027
31,10434,12632,8788,12403,11,0.7936010790248976,2000,0.20639892097510237,0.0,0.0
32,10376,26058,9464,13339,11,0.8099788110721942,2000,0.19002118892780584,0.0,0.0
33,11571,22474,9941,6986,9,0.8129502575433701,2000,0.18704974245662986,0.0,0.0
34,11437,16636,7488,8607,10,0.7716602470199266,2000,0.22833975298007336,0.0,0.0
35,10352,24492,8313,10646,10,0.792030740015514,2000,0.207969259984486,0.0,0.0
36,7740,16668,9188,10148,10,0.7381638842143792,2000,0.2618361157856208,0.0,0.0
37,9220,15915,10679,12650,10,0.8638774141592467,2000,0.13612258584075332,0.14,0.006439742410303588
38,12424,28891,11118,7950,9,0.8100619574774397,2000,0.1899380425225603,0.0,0.0
39,9400,24846,10830,13145,9,0.8629385836323281,2000,0.13706141636767188,0.13,0.005979760809567617
40,8934,17201,10853,9808,10,0.8042375076365136,2000,0.19576249236348642,0.0,0.0
41,10029,23379,10059,8179,8,0.8555055734708636,2000,0.14449442652913635,0.1,0.004599816007359705
42,9981,24738,13776,9224,11,0.7857817080381707,2000,0.2142182919618293,0.0,0.0
43,11381,11392,7684,5146,9,0.7964166871513588,2000,0.20358331284864117,0.0,0.0
44,9090,21735,7394,10428,10,0.853830515923112,2000,0.146169484076888,0.08,0.003679852805887764
45,9336,18285,13898,12946,11,0.8441468765176936,2000,0.1558531234823064,0.02,0.000919963201471941
46,9505,15933,8876,6183,10,0.749977974526287,2000,0.250022025473713,0.0,0.0
47,9012,16384,7841,12823,10,0.8328312558842934,2000,0.1671687441157066,0.0,0.0
48,10337,29626,10204,14329,11,0.8009539180235659,2000,0.19904608197643414,0.0,0.0
49,10778,26631,8430,8558,11,0.8059767665797,2000,0.19402323342030003,0.0,0.0
50,10770,27308,9990,9672,11,0.8453091252975801,2000,0.15469087470241993,0.05,0.0022999080036798527
51,10336,17053,10760,14308,9,0.7842576039986371,2000,0.2157423960013629,0.0,0.0
52,11777,23536,11065,9115,8,0.7956648976496871,2000,0.20433510235031294,0.0,0.0
53,12222,20573,5688,7574,10,0.7555369528816717,2000,0.24446304711832834,0.0,0.0
54,8696,28835,8565,11879,10,0.8725709638448438,2000,0.12742903615515622,0.32,0.014719411223551056
55,8357,24397,6133,11462,11,0.7194269840042474,2000,0.2805730159957526,0.0,0.0
56,10935,22381,10603,8196,10,0.7810119525956325,2000,0.2189880474043675,0.0,0.0
57,10674,25393,7605,6211,10,0.8599755605240311,2000,0.14002443947596888,0.13,0.005979760809567617
58,10430,19401,9807,13572,12,0.7731008149565851,2000,0.22689918504341489,0.0,0.0
59,10150,23608,6069,9235,9,0.8144540016227593,2000,0.18554599837724073,0.0,0.0
60,10535,19706,11057,8686,11,0.8594667870720804,2000,0.14053321292791965,0.18,0.00827966881324747
61,9013,19071,9881,7059,10,0.7697104439034997,2000,0.23028955609650026,0.0,0.0
62,12867,20557,5417,14413,11,0.8529343905107756,2000,0.14706560948922442,0.04,0.001839926402943882
63,9583,14619,11094,14592,9,0.8788223739773376,2000,0.12117762602266235,0.53,0.02437902483900644
64,8660,19177,11742,13594,9,0.8389291427643886,2000,0.16107085723561143,0.0,0.0
65,10890,22708,11806,13110,10,0.810818852018832,2000,0.18918114798116803,0.0,0.0
66,12032,20689,10467,12677,11,0.8188167372555281,2000,0.18118326274447194,0.0,0.0
67,8300,14037,11669,9536,10,0.7249522653093079,2000,0.2750477346906921,0.0,0.0
68,10609,24375,14241,13939,11,0.8185619381790779,2000,0.18143806182092215,0.0,0.0
69,9462,24930,8631,8510,11,0.831995555686956,2000,0.16800444431304395,0.01,0.0004599816007359705
70,9674,14697,10676,8312,9,0.8199901518108192,2000,0.18000984818918075,0.0,0.0
71,8603,17586,8994,9622,9,0.8161130000981862,2000,0.18388699990181379,0.0,0.0
72,10168,17546,9961,10543,9,0.7820862546521757,2000,0.21791374534782426,0.0,0.0
73,8951,19154,5162,10997,9,0.8359702359368402,2000,0.16402976406315983,0.0,0.0
74,11353,25015,6760,12714,11,0.76859405013115,2000,0.23140594986885,0.0,0.0
75,12304,25303,12507,10686,8,0.8256468262533588,2000,0.17435317374664117,0.0,0.0
76,9132,16660,13612,11045,10,0.833596082667286,2000,0.16640391733271398,0.0,0.0
77,7474,22612,12027,10099,8,0.795994177650945,2000,0.20400582234905495,0.0,0.0
78,9265,19628,9924,10182,9,0.7261643889710515,2000,0.2738356110289485,0.0,0.0
79,11818,16373,13384,12461,10,0.7696237894493958,2000,0.2303762105506042,0.0,0.0
80,11218,15688,14729,8025,9,0.8206623716420102,2000,0.17933762835798983,0.0,0.0
81,7020,20794,8926,8909,10,0.7981568285957283,2000,0.20184317140427166,0.0,0.0
82,12803,19009,11375,11467,10,0.8530066523508101,2000,0.14699334764918992,0.08,0.003679852805887764
83,10052,16293,11857,5651,9,0.7979527405939886,2000,0.20204725940601143,0.0,0.0
84,10461,18843,11973,13948,11,0.8323203647962287,2000,0.16767963520377127,0.0,0.0
85,7969,29195,11778,10411,9,0.7947519729850001,2000,0.2052480270149999,0.0,0.0
86,8752,20641,8599,9606,10,0.7393961030511803,2000,0.2606038969488197,0.0,0.0
87,9182,21695,7911,9001,10,0.8425700683863663,2000,0.15742993161363372,0.02,0.000919963201471941
88,10366,18526,13742,8081,12,0.753642886397961,2000,0.24635711360203905,0.0,0.0
89,9293,15337,14654,8645,9,0.7351058113274775,2000,0.26489418867252246,0.0,0.0
90,9650,22899,10103,7072,10,0.830513164497806,2000,0.169486835502194,0.0,0.0
91,11820,23661,11333,10379,10,0.8947032699888244,2000,0.10529673001117557,0.85,0.039098436062557494
92,11714,10082,9382,12326,11,0.8341294154492402,2000,0.16587058455075976,0.0,0.0
93,9826,24724,7132,11774,12,0.8006961736847436,2000,0.19930382631525645,0.0,0.0
94,7563,17167,10296,11536,11,0.7308388315801092,2000,0.2691611684198908,0.0,0.0
95,12784,25764,11065,6760,10,0.826421964939493,2000,0.17357803506050695,0.0,0.0
96,10715,28396,10182,10892,10,0.8667217231775487,2000,0.1332782768224513,0.18,0.00827966881324747
97,8287,27715,6840,12784,10,0.8050074492512229,2000,0.19499255074877708,0.0,0.0
98,10943,21227,11155,13277,9,0.8015700520745999,2000,0.19842994792540014,0.0,0.0
99,9960,24973,11358,8895,11,0.7466285395243297,2000,0.2533714604756703,0.0,0.0
100,12460,12341,10548,11580,9,0.758018472303178,2000,0.24198152769682202,0.0,0.0
101,9534,18112,8325,10872,11,0.851568688742484,2000,0.14843131125751596,0.09,0.004139834406623735
102,11329,27511,6589,11756,11,0.8554305284999505,2000,0.1445694715000495,0.1,0.004599816007359705
103,8632,23208,7515,10792,11,0.7850323420864752,2000,0.2149676579135248,0.0,0.0
104,8473,25225,12056,8039,12,0.8381228386009033,2000,0.1618771613990967,0.0,0.0
105,7930,22480,13898,10004,11,0.8322857735958983,2000,0.16771422640410172,0.01,0.0004599816007359705
106,11287,15466,6486,12154,9,0.8147312226155088,2000,0.1852687773844912,0.0,0.0
107,11034,23870,10838,9351,9,0.8276698482285023,2000,0.17233015177149769,0.0,0.0
108,11753,19521,9611,11995,10,0.8908919693885556,2000,0.10910803061144436,0.85,0.039098436062557494
109,10742,21624,14805,8493,11,0.8223413769790131,2000,0.1776586230209869,0.01,0.0004599816007359705
110,10419,19788,8318,10514,10,0.7615392576364398,2000,0.23846074236356019,0.0,0.0
111,9357,21234,10241,11741,11,0.7581131114716675,2000,0.2418868885283325,0.0,0.0
112,12755,26564,13210,13398,10,0.8106850830308658,2000,0.18931491696913416,0.0,0.0
113,7944,22472,11666,11705,9,0.8712696061748928,2000,0.1287303938251072,0.27,0.012419503219871205
114,12973,20243,8741,11218,9,0.7621292554813731,2000,0.2378707445186269,0.0,0.0
115,7732,21828,12308,7508,10,0.8552876769334792,2000,0.14471232306652082,0.11,0.005059797608095676
116,8807,28386,6025,12046,10,0.815740396358327,2000,0.18425960364167304,0.0,0.0
117,8919,28611,6800,12496,9,0.8409451163195899,2000,0.1590548836804101,0.01,0.0004599816007359705
118,8288,20620,9730,8053,10,0.8135957897560985,2000,0.18640421024390152,0.0,0.0
119,7604,20729,13115,11731,11,0.769333168141426,2000,0.23066683185857395,0.0,0.0
120,9659,19140,12945,13355,11,0.8285994328491951,2000,0.17140056715080487,0.0,0.0
121,7042,19291,12663,8958,10,0.7743348858920258,2000,0.22566511410797419,0.0,0.0
122,9026,23863,7984,10340,11,0.8144714314195375,2000,0.18552856858046252,0.0,0.0
123,7036,18787,12943,8625,10,0.7700677526679781,2000,0.2299322473320219,0.0,0.0
124,7588,14993,6816,12789,11,0.830002506110623,2000,0.16999749388937702,0.0,0.0
125,9666,14773,11561,13236,11,0.8299066669252897,2000,0.1700933330747103,0.01,0.0004599816007359705
126,11369,23452,12859,7034,10,0.7898751968568672,2000,0.21012480314313275,0.0,0.0
127,12457,15261,10238,10621,9,0.820867865092304,2000,0.17913213490769597,0.0,0.0
128,10024,21774,7984,14368,11,0.8420812105261858,2000,0.15791878947381421,0.01,0.0004599816007359705
129,11222,17677,11396,8189,10,0.8080995377649296,2000,0.1919004622350704,0.0,0.0
130,9271,14044,7701,10094,11,0.802837861387554,2000,0.19716213861244603,0.0,0.0
131,9828,27553,12220,6674,8,0.8344336784735454,2000,0.16556632152645456,0.01,0.0004599816007359705
132,9504,12510,9554,12526,9,0.8450740533722487,2000,0.15492594662775128,0.01,0.0004599816007359705
133,10742,23655,13002,13271,11,0.7494196641021635,2000,0.25058033589783646,0.0,0.0
134,10822,19385,10230,9084,10,0.7568969628141141,2000,0.24310303718588588,0.0,0.0
135,10665,24470,6724,10406,10,0.8468310557872141,2000,0.15316894421278593,0.06,0.002759889604415823
136,10869,24581,6720,8548,10,0.7075559915373805,2000,0.29244400846261953,0.0,0.0
137,9765,28122,9535,7457,10,0.7693142649984118,2000,0.23068573500158818,0.0,0.0
138,11923,17722,7728,11310,10,0.7987227136051439,2000,0.2012772863948561,0.0,0.0
139,9869,21432,10422,7417,10,0.8485504062635587,2000,0.1514495937364413,0.05,0.0022999080036798527
140,11257,22687,5127,11788,8,0.829810309780824,2000,0.17018969021917596,0.0,0.0
141,7238,15959,7160,9433,10,0.8232601743532021,2000,0.1767398256467979,0.0,0.0
142,11311,18097,9358,8293,9,0.8142129021509964,2000,0.1857870978490036,0.0,0.0
143,7288,28171,7658,12632,10,0.7309321792700444,2000,0.2690678207299556,0.0,0.0
144,10021,27663,10678,12144,11,0.8346561516481859,2000,0.16534384835181415,0.0,0.0
145,9176,19227,12222,11704,9,0.7788400024242997,2000,0.22115999757570026,0.0,0.0
146,8559,16685,9997,10420,11,0.7376819407444928,2000,0.2623180592555072,0.0,0.0
147,12095,20896,8042,9491,11,0.8542070059762488,2000,0.14579299402375123,0.1,0.004599816007359705
148,10671,29900,10073,10219,10,0.7702507347710921,2000,0.22974926522890793,0.0,0.0
149,10959,13407,11396,11994,10,0.7059270004649616,2000,0.2940729995350384,0.0,0.0
150,8388,20824,8079,12595,9,0.7875208082827677,2000,0.21247919171723229,0.0,0.0
151,10338,10069,10938,11926,9,0.8374321121483452,2000,0.16256788785165477,0.01,0.0004599816007359705
152,12122,23665,10116,8215,10,0.8866689369057509,2000,0.11333106309424912,0.71,0.032658693652253906
153,8752,26017,6895,6808,10,0.8403167994477672,2000,0.15968320055223284,0.02,0.000919963201471941
154,11167,22605,13144,8774,9,0.7381447094016722,2000,0.2618552905983278,0.0,0.0
155,10826,29423,10288,11250,10,0.7669083548210974,2000,0.23309164517890257,0.0,0.0
156,10088,20100,10505,11083,10,0.8427282864196687,2000,0.15727171358033132,0.01,0.0004599816007359705
157,8831,19170,6523,9088,10,0.8478017659673247,2000,0.1521982340326753,0.07,0.003219871205151794
158,7935,21605,7386,7168,11,0.786066993757516,2000,0.21393300624248401,0.0,0.0
159,9271,24097,6294,8493,10,0.7483677342510282,2000,0.2516322657489718,0.0,0.0
160,12336,13462,6021,8898,10,0.7419078088842822,2000,0.2580921911157178,0.0,0.0
161,10013,21544,6999,5684,8,0.7810435526056819,2000,0.21895644739431808,0.0,0.0
162,8379,27110,10037,11398,10,0.7697830156899771,2000,0.2302169843100229,0.0,0.0
163,7540,27445,11898,8676,9,0.7806735327910299,2000,0.2193264672089701,0.0,0.0
164,9174,27138,10251,11682,10,0.8101354464427815,2000,0.18986455355721854,0.0,0.0
165,10055,15311,7270,10101,10,0.8424163816258649,2000,0.15758361837413515,0.04,0.001839926402943882
166,9933,12702,9104,11460,10,0.7208928959954322,2000,0.27910710400456784,0.0,0.0
167,8636,20922,8112,10060,11,0.7616471059043193,2000,0.23835289409568072,0.0,0.0
168,9552,11738,10284,8342,9,0.7751742083840946,2000,0.22482579161590543,0.0,0.0
169,11412,15425,12872,11604,11,0.7561758898507241,2000,0.24382411014927585,0.0,0.0
170,9259,21999,14709,13024,10,0.7635626843590746,2000,0.2364373156409254,0.0,0.0
171,8334,18364,9491,7963,10,0.7491325083052972,2000,0.2508674916947028,0.0,0.0
172,8629,23107,8759,10090,10,0.7617735971142705,2000,0.2382264028857295,0.0,0.0
173,10943,14737,9198,9001,8,0.7722055440811627,2000,0.2277944559188373,0.0,0.0
174,8362,16385,8093,12799,10,0.8456879116453143,2000,0.15431208835468568,0.02,0.000919963201471941
175,11361,15688,8961,8739,11,0.8443483389756818,2000,0.15565166102431816,0.07,0.003219871205151794
176,10076,25613,11194,9449,8,0.8513257179421345,2000,0.14867428205786548,0.06,0.002759889604415823
177,10408,19139,10116,9665,10,0.8389967258723536,2000,0.16100327412764637,0.01,0.0004599816007359705
178,9930,12405,13607,11810,10,0.7359962984697882,2000,0.2640037015302118,0.0,0.0
179,11257,19350,11967,6646,10,0.8207345815977442,2000,0.17926541840225585,0.0,0.0
180,11757,22684,10215,5875,9,0.7926909606972015,2000,0.20730903930279854,0.0,0.0
181,11281,14238,6431,10414,11,0.773860212600611,2000,0.226139787399389,0.0,0.0
182,12207,19174,5961,12157,11,0.7263509100572201,2000,0.2736490899427799,0.0,0.0
183,9629,15753,9852,11751,9,0.8070712892825653,2000,0.19292871071743467,0.0,0.0
184,9391,13162,8768,14313,10,0.8854266464039698,2000,0.11457335359603016,0.71,0.032658693652253906
185,9989,15742,8645,12855,12,0.7585287010615728,2000,0.24147129893842723,0.0,0.0
186,11053,20442,10082,6171,10,0.8513273879062655,2000,0.1486726120937345,0.08,0.003679852805887764
187,11847,27013,10165,10181,10,0.7274900790534606,2000,0.27250992094653936,0.0,0.0
188,9616,14141,9114,11233,11,0.8258120586742072,2000,0.17418794132579285,0.0,0.0
189,10057,16851,7094,9942,11,0.8804833677581743,2000,0.11951663224182574,0.55,0.02529898804047838
190,9959,14816,7294,14635,10,0.7727591275846619,2000,0.22724087241533808,0.0,0.0
191,8827,20084,10515,13474,9,0.8516602254403072,2000,0.14833977455969283,0.04,0.001839926402943882
192,8341,26144,10071,5483,10,0.8445005221668359,2000,0.1554994778331641,0.03,0.0013799448022079116
193,11809,14568,8356,9883,10,0.8833115250487862,2000,0.11668847495121382,0.6,0.02759889604415823
194,10311,13496,11235,11732,10,0.815330209548093,2000,0.184669790451907,0.0,0.0
195,7667,19108,11584,7789,11,0.7774769931481117,2000,0.2225230068518883,0.0,0.0
196,10573,20099,7920,6015,9,0.870247972097622,2000,0.12975202790237805,0.27,0.012419503219871205
197,11215,19443,7647,8392,10,0.8887942727920274,2000,0.11120572720797262,0.67,0.030818767249310028
198,9709,29886,6802,8867,10,0.8236147345547784,2000,0.1763852654452216,0.0,0.0
199,11660,17032,8998,8665,9,0.7718983004073351,2000,0.2281016995926649,0.0,0.0
200,10887,20790,10187,9727,9,0.8333123890952356,2000,0.16668761090476436,0.0,0.0
201,11782,25544,12688,12962,9,0.8439063803834298,2000,0.1560936196165702,0.01,0.0004599816007359705
202,11078,13516,10986,9681,10,0.8054860870817508,2000,0.19451391291824915,0.0,0.0
203,10036,21607,6815,9783,11,0.768286015596322,2000,0.23171398440367796,0.0,0.0
204,8438,10409,5905,9692,9,0.771238441319524,2000,0.22876155868047598,0.0,0.0
205,7895,25570,6497,11258,10,0.7477002422983429,2000,0.25229975770165713,0.0,0.0
206,8643,28962,6973,11289,11,0.779771407873786,2000,0.22022859212621404,0.0,0.0
207,10399,20546,8665,6454,10,0.7856534881374363,2000,0.2143465118625637,0.0,0.0
208,12677,18261,11522,5218,10,0.7596866264060075,2000,0.24031337359399252,0.0,0.0
209,8375,27110,11898,12159,12,0.7735782033754629,2000,0.2264217966245371,0.0,0.0
210,11573,19540,11067,7844,11,0.7915250079424326,2000,0.20847499205756737,0.0,0.0
211,12026,16680,12754,8642,11,0.8129751724178088,2000,0.1870248275821912,0.0,0.0
212,9863,17804,6182,7294,9,0.8623621197423299,2000,0.1376378802576701,0.21,0.00965961361545538
213,8354,10329,11690,7492,11,0.7468273696369762,2000,0.25317263036302384,0.0,0.0
214,7489,18903,10983,11223,9,0.7654370943614492,2000,0.23456290563855076,0.0,0.0
215,11269,19864,5989,14104,11,0.7712841671591159,2000,0.22871583284088415,0.0,0.0
216,12498,20533,11167,11380,11,0.7608189559911015,2000,0.2391810440088985,0.0,0.0
217,9519,25362,10665,12100,8,0.8380521841310159,2000,0.1619478158689841,0.0,0.0
218,10057,21753,9809,13613,11,0.7927147820376446,2000,0.20728521796235544,0.0,0.0
219,10285,22349,10845,6783,10,0.8102237587038259,2000,0.1897762412961741,0.0,0.0
220,8945,22456,7402,8103,10,0.8725209982461337,2000,0.12747900175386628,0.35,0.016099356025758967
221,9309,17715,11549,11481,9,0.8432582460518693,2000,0.15674175394813072,0.01,0.0004599816007359705
222,9940,18879,10655,7566,10,0.7844198454046656,2000,0.21558015459533442,0.0,0.0
223,9585,22035,6858,11223,9,0.8374826742243822,2000,0.16251732577561784,0.01,0.0004599816007359705
224,9799,25940,13226,9299,9,0.7285724188267555,2000,0.2714275811732445,0.0,0.0
225,8083,27859,8498,12514,11,0.8596329107332172,2000,0.14036708926678276,0.09,0.004139834406623735
226,9847,29707,6740,12189,11,0.8031084030330969,2000,0.19689159696690306,0.0,0.0
227,10179,23818,7806,10828,9,0.8903060124131661,2000,0.10969398758683391,0.8,0.03679852805887764
228,11059,14369,10531,7636,12,0.7647173290879982,2000,0.23528267091200183,0.0,0.0
229,10316,25037,8577,8262,10,0.8242902684802106,2000,0.1757097315197894,0.0,0.0
230,9283,24624,9709,13346,10,0.8075451605078522,2000,0.1924548394921478,0.0,0.0
231,12575,17682,8526,12763,11,0.7972604622290907,2000,0.20273953777090925,0.0,0.0
232,9738,11226,7600,7075,10,0.8140127403642611,2000,0.18598725963573892,0.0,0.0
233,9197,20713,12595,9716,9,0.7998916271337033,2000,0.20010837286629668,0.0,0.0
234,10226,15357,7644,13133,11,0.7660488449671728,2000,0.23395115503282715,0.0,0.0
235,11488,26641,13305,11328,11,0.8046569042368303,2000,0.19534309576316966,0.0,0.0
236,7554,17785,9886,9920,10,0.8555264934358682,2000,0.14447350656413183,0.09,0.004139834406623735
237,11555,22600,9552,8123,10,0.8144958129702475,2000,0.18550418702975247,0.0,0.0
238,8648,24246,10266,12442,11,0.7964962355922244,2000,0.20350376440777562,0.0,0.0
239,10987,18144,14742,7102,10,0.8127250919036094,2000,0.18727490809639058,0.0,0.0
240,7999,13735,10011,7829,9,0.8015326569116722,2000,0.1984673430883278,0.0,0.0
241,8090,14343,7516,7856,11,0.8118963123191958,2000,0.1881036876808042,0.0,0.0
242,12385,22619,8483,10797,11,0.846492360410981,2000,0.15350763958901903,0.05,0.0022999080036798527
243,10634,21039,7469,11009,9,0.853260340577156,2000,0.14673965942284395,0.08,0.003679852805887764
244,9936,26096,13365,7043,10,0.7868342075722765,2000,0.2131657924277235,0.0,0.0
245,8998,14642,13620,12000,9,0.8531466595455109,2000,0.14685334045448906,0.02,0.000919963201471941
246,12459,25838,6666,7189,10,0.8428543928879412,2000,0.15714560711205883,0.05,0.0022999080036798527
247,7914,27914,8471,11146,11,0.7785735446664764,2000,0.22142645533352356,0.0,0.0
248,9206,11697,10243,9495,9,0.792124922672018,2000,0.20787507732798205,0.0,0.0
249,10260,14707,12381,10348,10,0.804290500933062,2000,0.19570949906693802,0.0,0.0
250,11931,14330,5468,9680,10,0.8787808182954491,2000,0.12121918170455093,0.48,0.022079116835326585
251,8931,23670,10345,11080,9,0.7859242727971764,2000,0.21407572720282364,0.0,0.0
252,9530,17565,8665,11605,10,0.70409312835779,2000,0.29590687164220997,0.0,0.0
253,10481,15197,8828,13082,9,0.8501363699824701,2000,0.1498636300175299,0.02,0.000919963201471941
254,9490,17527,9586,8553,10,0.8438410624833699,2000,0.15615893751663013,0.03,0.0013799448022079116
255,12859,26403,11685,7655,10,0.8642157345518054,2000,0.13578426544819455,0.2,0.00919963201471941
256,9578,24362,11289,8132,9,0.7843131694702038,2000,0.2156868305297962,0.0,0.0
257,9169,14649,12708,5429,9,0.8144648629879977,2000,0.1855351370120023,0.0,0.0
258,10560,25316,8497,9036,9,0.7269534846901494,2000,0.2730465153098506,0.0,0.0
259,11316,27901,10115,10050,11,0.7478845447059715,2000,0.25211545529402846,0.0,0.0
260,9733,21471,11627,6421,11,0.892238321410479,2000,0.10776167858952101,0.82,0.03771849126034958
261,11478,25756,9151,10304,10,0.7732214225209146,2000,0.22677857747908536,0.0,0.0
262,9860,23062,12987,7732,11,0.8489452122147528,2000,0.15105478778524717,0.04,0.001839926402943882
263,11637,28300,10895,12652,9,0.7393001423253429,2000,0.2606998576746571,0.0,0.0
264,8685,25814,9320,7775,11,0.8479552513997316,2000,0.1520447486002684,0.04,0.001839926402943882
265,8075,17047,9803,10715,10,0.796640930234915,2000,0.203359069765085,0.0,0.0
266,11825,29772,8491,9664,9,0.8066842745682898,2000,0.19331572543171016,0.0,0.0
267,8306,18631,10004,12387,9,0.8430745630756693,2000,0.1569254369243307,0.01,0.0004599816007359705
268,8026,21781,6505,10384,9,0.7650001838299967,2000,0.23499981617000332,0.0,0.0
269,9323,27934,13566,9488,10,0.7192429103224729,2000,0.2807570896775271,0.0,0.0
270,10163,29365,11308,11307,11,0.8288435595074828,2000,0.17115644049251721,0.0,0.0
271,9393,16647,11201,6860,8,0.7382513806304989,2000,0.2617486193695011,0.0,0.0
272,11905,20489,11880,11024,11,0.7777978548796886,2000,0.22220214512031145,0.0,0.0
273,11492,17247,9508,11543,10,0.7375182156963194,2000,0.26248178430368063,0.0,0.0
274,8245,14379,8633,6133,9,0.8120196383008538,2000,0.18798036169914623,0.0,0.0
275,10766,22922,11446,10258,11,0.8675845120312858,2000,0.13241548796871416,0.28,0.012879484820607176
276,8242,20844,11420,11069,10,0.7899475540777444,2000,0.21005244592225558,0.0,0.0
277,9292,19214,14782,13666,11,0.7612166082106684,2000,0.2387833917893316,0.0,0.0
278,8117,16960,9660,8014,11,0.7828487235885051,2000,0.2171512764114949,0.0,0.0
279,7907,22830,9516,9012,9,0.770705698887337,2000,0.22929430111266302,0.0,0.0
280,9245,12042,8813,8998,9,0.7882354119665108,2000,0.2117645880334892,0.0,0.0
281,9061,23693,8748,10860,10,0.8001016035669998,2000,0.19989839643300022,0.0,0.0
282,11141,22517,12036,5685,10,0.8467487344636934,2000,0.15325126553630664,0.04,0.001839926402943882
283,9749,24721,13106,9595,11,0.8160339361979291,2000,0.18396606380207092,0.0,0.0
284,9779,24369,8594,8327,9,0.8092534389020448,2000,0.19074656109795518,0.0,0.0
285,10077,24499,14535,10925,10,0.7764789229381818,2000,0.22352107706181823,0.0,0.0
286,10839,12702,7452,8886,11,0.7528554208512567,2000,0.24714457914874333,0.0,0.0
287,10188,12663,7490,9222,10,0.7951367690759992,2000,0.20486323092400083,0.0,0.0
288,12244,18394,8773,11882,10,0.8248177861019133,2000,0.17518221389808675,0.0,0.0
289,11486,18439,10325,13304,10,0.7334313102549868,2000,0.26656868974501324,0.0,0.0
290,11760,23001,9334,10172,9,0.8653086901102521,2000,0.13469130988974787,0.15,0.006899724011039558
291,8209,11854,6482,6619,11,0.7632728126418538,2000,0.23672718735814624,0.0,0.0
292,12275,19094,10899,11308,10,0.7773871944199366,2000,0.22261280558006336,0.0,0.0
293,8914,21957,11420,8726,11,0.8544230665784468,2000,0.1455769334215532,0.1,0.004599816007359705
294,8819,24782,8170,12394,9,0.8341817664695224,2000,0.16581823353047764,0.0,0.0
295,9030,24060,9158,7601,9,0.762763651909218,2000,0.23723634809078198,0.0,0.0
296,8296,21257,8843,9923,10,0.798610440241731,2000,0.201389559758269,0.0,0.0
297,12659,18510,6564,11413,9,0.7520398173298516,2000,0.2479601826701484,0.0,0.0
298,7862,18433,9537,10059,8,0.8101847153864413,2000,0.18981528461355868,0.0,0.0
299,8083,14948,9463,10562,10,0.8343142428943188,2000,0.16568575710568123,0.0,0.0
300,7826,12326,11104,7997,10,0.8420927338511425,2000,0.15790726614885753,0.03,0.0013799448022079116
301,10253,22442,13440,9442,10,0.7634953820291555,2000,0.23650461797084454,0.0,0.0
302,10390,23595,7965,5578,10,0.7409888429088931,2000,0.2590111570911069,0.0,0.0
303,8514,19572,12047,9681,11,0.7171990189970724,2000,0.2828009810029276,0.0,0.0
304,9738,22307,11961,11089,9,0.7814218001621793,2000,0.21857819983782067,0.0,0.0
305,9040,23641,9316,12911,10,0.8072849263426283,2000,0.19271507365737173,0.0,0.0
306,10214,26755,10582,6434,11,0.7975700798494271,2000,0.20242992015057293,0.0,0.0
307,11508,21557,11687,9760,11,0.791659957559963,2000,0.208340042440037,0.0,0.0
308,10524,17872,7379,9604,10,0.83250943651405,2000,0.16749056348595004,0.0,0.0
309,12574,16757,6175,7334,9,0.8107195149460588,2000,0.18928048505394124,0.0,0.0
310,10668,24998,11259,12979,9,0.7212059669873989,2000,0.2787940330126011,0.0,0.0
311,10387,18414,10538,13049,11,0.791778192583236,2000,0.208221807416764,0.0,0.0
312,9771,22149,13355,9725,9,0.7930211536812185,2000,0.2069788463187815,0.0,0.0
313,8945,21173,10205,9400,9,0.8604613051580646,2000,0.13953869484193537,0.18,0.00827966881324747
314,10206,16563,8033,12551,10,0.7243432919440296,2000,0.2756567080559704,0.0,0.0
315,9187,14681,11717,8877,10,0.7712142273047649,2000,0.22878577269523515,0.0,0.0
316,8749,25937,10382,12532,10,0.7409447246273269,2000,0.25905527537267314,0.0,0.0
317,9537,18297,6605,12680,11,0.7898404411820309,2000,0.2101595588179691,0.0,0.0
318,9590,12539,8197,13802,9,0.8277235276055274,2000,0.17227647239447264,0.0,0.0
319,9175,21781,9689,12409,11,0.8373609470515934,2000,0.16263905294840664,0.01,0.0004599816007359705
320,11770,18608,8743,13021,9,0.8608872444310717,2000,0.13911275556892833,0.08,0.003679852805887764
321,10022,19338,11374,8813,9,0.7784945589163662,2000,0.2215054410836338,0.0,0.0
322,10858,29669,11156,10498,12,0.7306084444526496,2000,0.2693915555473504,0.0,0.0
323,11524,12812,14482,8538,11,0.8136842595629356,2000,0.18631574043706445,0.0,0.0
324,10030,21211,10842,7661,9,0.8027166601800931,2000,0.19728333981990687,0.0,0.0
325,11313,15779,7783,6932,9,0.8389973768549195,2000,0.16100262314508051,0.01,0.0004599816007359705
326,11733,13875,9441,9300,9,0.8055859896824742,2000,0.1944140103175258,0.0,0.0
327,8542,27428,13333,9225,10,0.8557577985663696,2000,0.14424220143363042,0.1,0.004599816007359705
328,9391,16028,12199,9625,8,0.7711720854312825,2000,0.22882791456871754,0.0,0.0
329,9024,13376,7868,11899,9,0.7607869596154115,2000,0.23921304038458846,0.0,0.0
330,9256,26895,11142,10186,8,0.7706040517727046,2000,0.22939594822729537,0.0,0.0
331,9936,22781,9191,8922,10,0.8488819719913605,2000,0.1511180280086395,0.07,0.003219871205151794
332,10284,23707,7204,13353,9,0.7727887292649998,2000,0.22721127073500025,0.0,0.0
333,12384,14511,13807,8761,11,0.7859002838092167,2000,0.21409971619078327,0.0,0.0
334,11497,15220,9906,11399,10,0.8203234003178191,2000,0.17967659968218086,0.0,0.0
335,10946,20215,13398,10438,10,0.7833398643973909,2000,0.2166601356026091,0.0,0.0
336,9074,22249,11528,13423,10,0.7937995468055821,2000,0.20620045319441793,0.0,0.0
337,11401,19957,8215,7400,11,0.7872091488996417,2000,0.21279085110035834,0.0,0.0
338,9573,26830,9963,13917,10,0.8373104605191212,2000,0.16268953948087883,0.0,0.0
339,7419,19862,7707,11907,9,0.8403505618634232,2000,0.15964943813657684,0.01,0.0004599816007359705
340,8180,11675,7191,9706,11,0.8057024564032598,2000,0.19429754359674023,0.0,0.0
341,11730,20593,12344,12784,9,0.8601172761572822,2000,0.13988272384271783,0.13,0.005979760809567617
342,9503,12109,9467,7749,10,0.7809481747582142,2000,0.2190518252417858,0.0,0.0
343,7141,23543,8339,11695,11,0.8319490520953075,2000,0.16805094790469255,0.01,0.0004599816007359705
344,8717,24646,10433,10018,9,0.8060287882917944,2000,0.19397121170820564,0.0,0.0
345,10871,12608,7874,13361,11,0.8345186606617517,2000,0.16548133933824827,0.0,0.0
346,8539,22506,14780,6215,11,0.7924115923430587,2000,0.2075884076569413,0.0,0.0
347,8730,18750,9260,8738,9,0.858904724653708,2000,0.14109527534629196,0.09,0.004139834406623735
348,10720,23165,9858,10329,9,0.8022347576542926,2000,0.19776524234570736,0.0,0.0
349,12173,17779,9158,10136,9,0.8026564788957896,2000,0.19734352110421038,0.0,0.0
350,10484,14880,9492,12482,9,0.8338275891104389,2000,0.16617241088956114,0.01,0.0004599816007359705
351,11414,15742,13505,11944,10,0.8145968948494348,2000,0.18540310515056524,0.0,0.0
352,11925,14806,11453,10539,9,0.719086032777669,2000,0.280913967222331,0.0,0.0
353,11974,18237,6765,7149,11,0.7533321239212148,2000,0.24666787607878515,0.0,0.0
354,8731,23765,11287,11632,11,0.7906737873069022,2000,0.2093262126930978,0.0,0.0
355,10121,19800,13035,8040,10,0.8277524046798426,2000,0.17224759532015743,0.0,0.0
356,9442,19719,8102,6720,10,0.8375209437515498,2000,0.16247905624845016,0.02,0.000919963201471941
357,11508,25101,5552,10254,10,0.8275294621842246,2000,0.17247053781577537,0.0,0.0
358,9374,15536,9674,14840,10,0.7234221076742574,2000,0.2765778923257426,0.0,0.0
359,10206,16005,8795,11868,10,0.8712582334300663,2000,0.12874176656993375,0.31,0.014259429622815087
360,11195,19299,12210,8563,9,0.8011832584158025,2000,0.1988167415841975,0.0,0.0
361,8798,13271,8174,9430,9,0.832705736413292,2000,0.16729426358670796,0.01,0.0004599816007359705
362,8385,14215,9370,12341,11,0.7459776694400272,2000,0.2540223305599728,0.0,0.0
363,12723,22936,6074,6914,11,0.8253642011165796,2000,0.1746357988834204,0.0,0.0
364,10921,27707,9043,5521,10,0.8082914871155105,2000,0.19170851288448953,0.0,0.0
365,9694,18231,13063,9924,10,0.7971342971629557,2000,0.2028657028370443,0.0,0.0
366,10619,19761,5727,12275,9,0.8541976908644929,2000,0.14580230913550707,0.02,0.000919963201471941
367,9273,16553,10355,9535,11,0.8000568302777652,2000,0.1999431697222348,0.0,0.0
368,9534,24481,6522,11004,9,0.729426090928586,2000,0.270573909071414,0.0,0.0
369,11090,16132,11632,10510,9,0.7950877673647508,2000,0.20491223263524916,0.0,0.0
370,8007,18865,7022,9224,10,0.7833122499407705,2000,0.21668775005922947,0.0,0.0
371,8807,11755,12938,10690,11,0.7987968366865591,2000,0.2012031633134409,0.0,0.0
372,7166,14386,9480,14573,12,0.759513955812153,2000,0.24048604418784703,0.0,0.0
373,9596,10328,11389,8392,10,0.8081200194559564,2000,0.19187998054404365,0.0,0.0
374,8909,23527,8593,9405,9,0.7966249890592522,2000,0.20337501094074784,0.0,0.0
375,10300,23445,9451,9854,11,0.8290191807472604,2000,0.17098081925273956,0.0,0.0
376,7071,24317,10125,9737,12,0.8003497482375589,2000,0.1996502517624411,0.0,0.0
377,9293,16226,10912,11042,11,0.7657773342915233,2000,0.23422266570847672,0.0,0.0
378,11624,25459,9068,10181,10,0.755548203936414,2000,0.24445179606358602,0.0,0.0
379,7168,16152,12025,9540,10,0.8435908281067593,2000,0.15640917189324066,0.01,0.0004599816007359705
380,9828,15304,8496,7927,11,0.8067336283802002,2000,0.19326637161979976,0.0,0.0
381,7948,11907,6631,13925,9,0.75155669841295,2000,0.24844330158704997,0.0,0.0
382,9996,23673,8911,11887,12,0.7892135083428728,2000,0.21078649165712715,0.0,0.0
383,10852,19190,9174,9864,10,0.7706720632307608,2000,0.22932793676923924,0.0,0.0
384,10483,15725,11681,14725,8,0.8381574999668794,2000,0.16184250003312062,0.0,0.0
385,7830,13764,11067,11199,8,0.772364974991055,2000,0.22763502500894495,0.0,0.0
386,10410,17933,5374,13338,11,0.8011059796597977,2000,0.19889402034020232,0.0,0.0
387,10168,19698,11137,11211,9,0.8468369446559231,2000,0.15316305534407693,0.04,0.001839926402943882
388,10404,16521,6916,11105,11,0.7547226051397061,2000,0.24527739486029387,0.0,0.0
389,8520,24210,11768,10368,11,0.7420245019900017,2000,0.2579754980099983,0.0,0.0
390,10364,21431,8557,8986,9,0.7673640856818829,2000,0.23263591431811714,0.0,0.0
391,12301,20673,11963,6706,10,0.8557164136149142,2000,0.14428358638508576,0.08,0.003679852805887764
392,10694,24805,13455,7555,11,0.7802322558691529,2000,0.2197677441308471,0.0,0.0
393,7449,21403,10751,7555,9,0.856838314532138,2000,0.143161685467862,0.12,0.005519779208831646
394,10314,19357,9949,12452,8,0.7553133794248724,2000,0.24468662057512758,0.0,0.0
395,9280,22478,11416,11318,9,0.7532504814566574,2000,0.2467495185433426,0.0,0.0
396,10660,16165,11950,5699,10,0.7669583155045474,2000,0.2330416844954526,0.0,0.0
397,8904,18807,5300,9859,11,0.8804606208746946,2000,0.11953937912530543,0.56,0.025758969641214352
398,11437,18012,10312,12337,11,0.7188904328170759,2000,0.2811095671829241,0.0,0.0
399,9941,11725,12874,14162,11,0.740562900736138,2000,0.25943709926386205,0.0,0.0
400,7593,24436,9225,12667,12,0.716928562173289,2000,0.28307143782671096,0.0,0.0
401,8814,15358,12083,11161,11,0.78533295878319,2000,0.21466704121681002,0.0,0.0
402,9998,21212,9757,7603,9,0.7338723402543463,2000,0.26612765974565367,0.0,0.0
403,10289,12889,10241,14033,10,0.773661969734323,2000,0.226338030265677,0.0,0.0
404,10145,12663,9791,14633,9,0.8751768167988152,2000,0.1248231832011848,0.36,0.01655933762649494
405,10385,21250,10245,9340,9,0.8732044232224798,2000,0.12679557677752018,0.34,0.015639374425023
406,9897,14227,6420,7722,10,0.8126999069943027,2000,0.18730009300569728,0.0,0.0
407,10452,19880,9568,12643,11,0.8017763724683842,2000,0.19822362753161582,0.0,0.0
408,10309,23932,9684,14253,9,0.8763540737452137,2000,0.12364592625478632,0.44,0.020239190432382703
409,12799,19794,6372,10537,12,0.844105686236899,2000,0.15589431376310103,0.05,0.0022999080036798527
410,12421,22056,6032,10121,9,0.7336477423148821,2000,0.26635225768511794,0.0,0.0
411,8312,17799,11766,11270,10,0.7690814311822589,2000,0.2309185688177411,0.0,0.0
412,9781,24213,11851,14420,10,0.7147045266396294,2000,0.28529547336037064,0.0,0.0
413,11843,16783,12487,10060,9,0.8316966470385985,2000,0.16830335296140153,0.0,0.0
414,11651,19784,11226,14332,10,0.841185730405721,2000,0.15881426959427902,0.0,0.0
415,10112,21212,10381,13590,10,0.8027451254718382,2000,0.19725487452816182,0.0,0.0
416,10342,14771,7262,6842,11,0.7073678732768264,2000,0.2926321267231736,0.0,0.0
417,8306,23865,13876,5369,9,0.7391626412788518,2000,0.2608373587211482,0.0,0.0
418,9321,17111,11086,12945,10,0.7565416129290385,2000,0.24345838707096146,0.0,0.0
419,9509,18856,9803,13794,10,0.7284297971049942,2000,0.2715702028950058,0.0,0.0
420,7845,28684,10250,10664,11,0.7328129696733535,2000,0.2671870303266465,0.0,0.0
421,10394,23343,13258,5815,10,0.7634302469185954,2000,0.2365697530814046,0.0,0.0
422,11347,19522,13269,8195,9,0.7915016448282571,2000,0.20849835517174287,0.0,0.0
423,9811,21363,12645,6994,12,0.7509019715859394,2000,0.2490980284140606,0.0,0.0
424,10314,22490,9781,13244,8,0.7681708428681282,2000,0.2318291571318718,0.0,0.0
425,10293,28302,12318,12763,12,0.8579474854481978,2000,0.14205251455180223,0.08,0.003679852805887764
426,11553,11933,10147,14909,9,0.744957261758112,2000,0.25504273824188795,0.0,0.0
427,12963,24271,10511,10381,9,0.7977955626128541,2000,0.20220443738714589,0.0,0.0
428,9662,16687,9138,9728,9,0.8932816856873719,2000,0.10671831431262813,0.89,0.04093836246550138
429,8756,22139,9488,7818,11,0.800024978619442,2000,0.199975021380558,0.0,0.0
430,8666,15517,9784,9962,11,0.7624251257194935,2000,0.2375748742805065,0.0,0.0
431,12126,21894,8337,12892,10,0.7527242261067438,2000,0.24727577389325617,0.0,0.0
432,8667,28662,9818,9900,9,0.8472647461829613,2000,0.15273525381703867,0.05,0.0022999080036798527
433,9251,19173,8581,9209,10,0.8453491415823201,2000,0.1546508584176799,0.04,0.001839926402943882
434,9705,23409,7711,8514,9,0.7426049821880406,2000,0.2573950178119594,0.0,0.0
435,10449,16370,9851,9300,9,0.7938695462107533,2000,0.20613045378924666,0.0,0.0
436,11178,21685,9013,9500,10,0.7321747526683382,2000,0.2678252473316618,0.0,0.0
437,8905,20292,12926,7493,12,0.7403838031756452,2000,0.2596161968243548,0.0,0.0
438,10688,24800,8742,6549,11,0.8729568198627365,2000,0.12704318013726346,0.38,0.01747930082796688
439,11026,16793,9426,9013,10,0.7995738003232953,2000,0.20042619967670472,0.0,0.0
440,9226,16184,9838,10459,10,0.8013357462330045,2000,0.19866425376699548,0.0,0.0
441,12301,18058,12094,7393,9,0.8746877015188247,2000,0.1253122984811753,0.37,0.01701931922723091
442,9001,22041,9198,9700,10,0.78720202922482,2000,0.21279797077518003,0.0,0.0
443,9869,13711,13226,5179,9,0.7981507367635085,2000,0.20184926323649155,0.0,0.0
444,11159,27998,9034,8146,9,0.7340270638415488,2000,0.2659729361584512,0.0,0.0
445,10221,25169,11544,8556,10,0.7730379317099918,2000,0.2269620682900082,0.0,0.0
446,9113,24391,10946,10292,12,0.7584527341963881,2000,0.24154726580361185,0.0,0.0
447,7855,22246,8207,12883,10,0.7062457810318372,2000,0.2937542189681628,0.0,0.0
448,9276,22670,11932,8732,8,0.7187800731452793,2000,0.28121992685472075,0.0,0.0
449,8488,18757,9176,7972,11,0.8387374444568646,2000,0.1612625555431354,0.02,0.000919963201471941
450,10790,23024,11428,9936,9,0.7792708058250826,2000,0.22072919417491743,0.0,0.0
451,8989,26246,13333,6671,9,0.820581496155102,2000,0.179418503844898,0.0,0.0
452,10217,25940,10124,10144,10,0.776933789886081,2000,0.22306621011391903,0.0,0.0
453,8986,24791,10528,7117,9,0.7702388361435755,2000,0.22976116385642453,0.0,0.0
454,10811,12261,9182,12578,9,0.8100798593753374,2000,0.18992014062466256,0.0,0.0
455,9205,16584,12218,12802,9,0.8397747777462421,2000,0.1602252222537579,0.0,0.0
456,8709,11078,9513,10025,11,0.7517399982553981,2000,0.24826000174460194,0.0,0.0
457,8002,26014,14336,9701,10,0.8582778996839328,2000,0.14172210031606725,0.07,0.003219871205151794
458,10472,29910,8112,13052,9,0.743031976266139,2000,0.25696802373386096,0.0,0.0
459,8975,26379,9091,6694,9,0.765744359028836,2000,0.23425564097116403,0.0,0.0
460,11376,15982,11611,8106,10,0.840025166513037,2000,0.15997483348696295,0.03,0.0013799448022079116
461,10062,14989,8285,11173,11,0.7839422028357986,2000,0.21605779716420137,0.0,0.0
462,9228,18652,8338,7165,10,0.8066202865695158,2000,0.1933797134304842,0.0,0.0
463,10962,12839,7392,10571,10,0.8178651619972463,2000,0.18213483800275365,0.0,0.0
464,7592,24282,11571,7896,11,0.784905724151732,2000,0.215094275848268,0.0,0.0
465,8246,18673,5487,9452,10,0.7236202797118241,2000,0.2763797202881759,0.0,0.0
466,11339,14671,12386,12387,12,0.8018544198617739,2000,0.19814558013822614,0.0,0.0
467,11501,16239,9211,11231,11,0.7701036014243282,2000,0.2298963985756718,0.0,0.0
468,8320,19754,9760,6346,8,0.7899348769703677,2000,0.21006512302963232,0.0,0.0
469,8872,25293,11506,9207,9,0.8208141268372394,2000,0.17918587316276058,0.0,0.0
470,9919,16968,10447,12346,9,0.8275693580573258,2000,0.1724306419426742,0.0,0.0
471,11459,28691,11768,10670,9,0.770474677795099,2000,0.22952532220490096,0.0,0.0
472,10142,13843,11855,8020,11,0.7756888105733866,2000,0.22431118942661343,0.0,0.0
473,9121,25797,9678,11488,10,0.8233431128907702,2000,0.17665688710922978,0.0,0.0
474,11858,22584,7106,9912,12,0.7645560122696629,2000,0.23544398773033715,0.0,0.0
475,12907,23357,12200,11827,9,0.8029217021649062,2000,0.19707829783509379,0.0,0.0
476,12758,18667,11847,11798,10,0.7186914126606853,2000,0.28130858733931474,0.0,0.0
477,10204,17178,11681,6159,9,0.7916416673904576,2000,0.2083583326095424,0.0,0.0
478,8661,20680,9223,10403,10,0.807105992630698,2000,0.19289400736930196,0.0,0.0
479,10105,16504,8759,7748,9,0.7610621633471681,2000,0.23893783665283186,0.0,0.0
480,11087,19501,8508,8098,10,0.7635709307236046,2000,0.2364290692763954,0.0,0.0
481,10710,18774,11028,11999,11,0.8430773288427157,2000,0.1569226711572843,0.04,0.001839926402943882
482,9498,17736,11223,6343,11,0.8073154105220899,2000,0.19268458947791012,0.0,0.0
483,11275,28341,9390,11179,9,0.8029269770573949,2000,0.1970730229426051,0.0,0.0
484,9763,13457,10542,8513,8,0.7997467959151363,2000,0.2002532040848637,0.0,0.0
485,10692,11448,10226,9385,10,0.7947066277743283,2000,0.20529337222567168,0.0,0.0
486,10813,16889,11426,12397,11,0.8823086941848451,2000,0.11769130581515486,0.65,0.029898804047838085
487,11327,19691,11184,7365,11,0.8139264852657534,2000,0.1860735147342466,0.0,0.0
488,11698,22177,13434,12999,11,0.7627832691699614,2000,0.23721673083003858,0.0,0.0
489,7352,20171,9223,8772,10,0.7856634038825747,2000,0.21433659611742528,0.0,0.0
490,11042,12786,11340,10886,10,0.7070945599518528,2000,0.2929054400481472,0.0,0.0
491,9483,20079,9575,5935,9,0.8935624663487735,2000,0.10643753365122655,0.84,0.03863845446182152
492,11274,27696,10223,10784,9,0.834912317579987,2000,0.16508768242001304,0.0,0.0
493,9567,22928,9030,11240,11,0.7621557056740491,2000,0.2378442943259509,0.0,0.0
494,9256,24243,10887,7954,10,0.868604986437635,2000,0.13139501356236505,0.32,0.014719411223551056
495,8403,20761,7493,10526,11,0.8223707321085305,2000,0.1776292678914695,0.0,0.0
496,8794,21539,13202,13357,11,0.7987224929949635,2000,0.20127750700503655,0.0,0.0
497,11005,15878,9692,7660,9,0.8356010684335521,2000,0.16439893156644791,0.01,0.0004599816007359705
498,9301,22150,9460,11672,11,0.7938566854591776,2000,0.20614331454082235,0.0,0.0
499,10659,24224,11172,7761,10,0.7851095359500072,2000,0.2148904640499928,0.0,0.0
